Signal,Ticker,Sector,Last Close,52W Extreme,% From Extreme,RSI,Vol vs Avg,Date Hit,P/E,P/B,Curr Ratio,D/E,Div Yield %,EPS TTM,Graham Def,Graham Ent,Graham Score
NEW_HIGH,EA,Communication Services,208.9,209.19,-0.14,80.1,1.6,2026-07-17,,,,,,,N,N,0
NEW_HIGH,ABNB,Consumer Discretionary,145.98,150.88,-3.25,50.7,1.4,2026-07-16,,,,,,,N,N,0
NEW_HIGH,BBY,Consumer Discretionary,85.41,87.35,-2.22,75.5,0.8,2026-07-16,,,,,,,N,N,0
NEW_HIGH,SBUX,Consumer Discretionary,105.49,109.23,-3.42,52.1,1.1,2026-07-17,,,,,,,N,N,0
NEW_HIGH,ADM,Consumer Staples,85.9,86.0,-0.12,86.0,1.2,2026-07-17,,,,,,,N,N,0
NEW_HIGH,MNST,Consumer Staples,97.5,100.34,-2.83,53.6,1.7,2026-07-17,,,,,,,N,N,0
NEW_HIGH,MO,Consumer Staples,74.21,75.28,-1.42,51.6,1.1,2026-07-17,,,,,,,N,N,0
NEW_HIGH,PM,Consumer Staples,192.98,194.62,-0.84,62.9,1.0,2026-07-17,,,,,,,N,N,0
NEW_HIGH,TGT,Consumer Staples,139.6,144.4,-3.32,48.7,1.1,2026-07-17,,,,,,,N,N,0
NEW_HIGH,MPC,Energy,312.6,313.15,-0.18,86.9,0.9,2026-07-17,,,,,,,N,N,0
NEW_HIGH,PSX,Energy,206.86,207.14,-0.14,80.0,0.8,2026-07-17,,,,,,,N,N,0
NEW_HIGH,TRGP,Energy,282.91,285.56,-0.93,59.1,0.8,2026-07-17,,,,,,,N,N,0
NEW_HIGH,VLO,Energy,309.65,309.9,-0.08,76.3,0.8,2026-07-17,,,,,,,N,N,0
NEW_HIGH,AFL,Financials,124.72,125.93,-0.96,64.3,1.7,2026-07-17,,,,,,,N,N,0
NEW_HIGH,BAC,Financials,61.27,62.12,-1.37,68.1,1.2,2026-07-17,,,,,,,N,N,0
NEW_HIGH,BNY,Financials,157.13,163.77,-4.05,71.5,1.1,2026-07-16,,,,,,,N,N,0
NEW_HIGH,CFG,Financials,72.39,74.7,-3.09,56.4,1.2,2026-07-16,,,,,,,N,N,0
NEW_HIGH,CPAY,Financials,365.79,374.09,-2.22,69.9,0.5,2026-07-17,,,,,,,N,N,0
NEW_HIGH,EG,Financials,382.57,385.69,-0.81,70.2,1.1,2026-07-17,,,,,,,N,N,0
NEW_HIGH,FITB,Financials,58.01,59.5,-2.5,60.4,1.5,2026-07-16,,,,,,,N,N,0
NEW_HIGH,GL,Financials,184.76,191.55,-3.54,69.2,0.8,2026-07-17,,,,,,,N,N,0
NEW_HIGH,GS,Financials,1065.22,1153.99,-7.69,57.4,1.0,2026-07-15,,,,,,,N,N,0
NEW_HIGH,IVZ,Financials,29.63,31.02,-4.48,72.9,1.0,2026-07-16,,,,,,,N,N,0
NEW_HIGH,JPM,Financials,341.1,351.24,-2.89,63.4,0.8,2026-07-15,,,,,,,N,N,0
NEW_HIGH,KEY,Financials,23.55,24.07,-2.16,53.8,1.0,2026-07-17,,,,,,,N,N,0
NEW_HIGH,MET,Financials,94.0,94.86,-0.91,75.8,1.1,2026-07-17,,,,,,,N,N,0
NEW_HIGH,MS,Financials,215.5,232.25,-7.21,53.8,1.2,2026-07-15,,,,,,,N,N,0
NEW_HIGH,MSCI,Financials,628.66,644.77,-2.5,78.4,0.9,2026-07-17,,,,,,,N,N,0
NEW_HIGH,MTB,Financials,249.24,255.0,-2.26,64.2,0.9,2026-07-17,,,,,,,N,N,0
NEW_HIGH,NTRS,Financials,184.68,191.6,-3.61,68.8,1.2,2026-07-16,,,,,,,N,N,0
NEW_HIGH,PFG,Financials,113.95,114.9,-0.83,73.3,1.0,2026-07-14,,,,,,,N,N,0
NEW_HIGH,PNC,Financials,252.86,256.49,-1.42,61.3,0.9,2026-07-17,,,,,,,N,N,0
NEW_HIGH,PRU,Financials,119.07,120.53,-1.21,74.9,1.0,2026-07-17,,,,,,,N,N,0
NEW_HIGH,RF,Financials,31.65,32.47,-2.53,63.0,1.8,2026-07-17,,,,,,,N,N,0
NEW_HIGH,STT,Financials,182.5,192.51,-5.2,72.6,1.1,2026-07-16,,,,,,,N,N,0
NEW_HIGH,TRV,Financials,368.98,370.43,-0.39,73.5,1.9,2026-07-17,,,,,,,N,N,0
NEW_HIGH,USB,Financials,63.14,64.84,-2.62,63.8,1.4,2026-07-17,,,,,,,N,N,0
NEW_HIGH,V,Financials,358.56,365.14,-1.8,66.0,0.7,2026-07-16,,,,,,,N,N,0
NEW_HIGH,XYZ,Financials,79.94,84.08,-4.92,57.1,0.8,2026-07-15,,,,,,,N,N,0
NEW_HIGH,ABBV,Health Care,254.49,260.96,-2.48,53.5,0.7,2026-07-17,,,,,,,N,N,0
NEW_HIGH,BMY,Health Care,60.74,62.29,-2.49,61.2,0.9,2026-07-17,,,,,,,N,N,0
NEW_HIGH,CNC,Health Care,66.44,69.36,-4.21,51.9,1.0,2026-07-14,,,,,,,N,N,0
NEW_HIGH,CVS,Health Care,107.47,108.97,-1.38,61.0,0.8,2026-07-17,,,,,,,N,N,0
NEW_HIGH,ELV,Health Care,373.11,436.24,-14.47,41.9,1.0,2026-07-14,,,,,,,N,N,0
NEW_HIGH,HSIC,Health Care,87.82,89.34,-1.7,60.4,0.8,2026-07-16,,,,,,,N,N,0
NEW_HIGH,HUM,Health Care,400.0,428.88,-6.73,57.8,1.3,2026-07-16,,,,,,,N,N,0
NEW_HIGH,INCY,Health Care,117.25,119.6,-1.96,59.3,1.1,2026-07-17,,,,,,,N,N,0
NEW_HIGH,MRK,Health Care,127.5,131.74,-3.22,48.1,1.2,2026-07-17,,,,,,,N,N,0
NEW_HIGH,TECH,Health Care,72.12,72.12,0.0,68.4,0.4,2026-07-17,,,,,,,N,N,0
NEW_HIGH,UNH,Health Care,426.09,461.62,-7.7,48.9,1.6,2026-07-16,,,,,,,N,N,0
NEW_HIGH,VTRS,Health Care,17.29,17.67,-2.15,63.8,0.9,2026-07-17,,,,,,,N,N,0
NEW_HIGH,CHRW,Industrials,208.5,208.83,-0.16,85.8,2.2,2026-07-17,,,,,,,N,N,0
NEW_HIGH,CSX,Industrials,50.75,51.29,-1.05,75.5,1.4,2026-07-17,,,,,,,N,N,0
NEW_HIGH,EXPD,Industrials,182.8,183.52,-0.39,87.3,2.1,2026-07-17,,,,,,,N,N,0
NEW_HIGH,GWW,Industrials,1395.01,1419.91,-1.75,61.3,0.9,2026-07-17,,,,,,,N,N,0
NEW_HIGH,IEX,Industrials,224.94,231.7,-2.92,47.4,0.6,2026-07-17,,,,,,,N,N,0
NEW_HIGH,JBHT,Industrials,291.41,299.76,-2.79,57.5,1.4,2026-07-16,,,,,,,N,N,0
NEW_HIGH,NSC,Industrials,340.16,342.53,-0.69,82.8,1.1,2026-07-17,,,,,,,N,N,0
NEW_HIGH,SNA,Industrials,410.99,419.68,-2.07,63.2,1.2,2026-07-17,,,,,,,N,N,0
NEW_HIGH,UNP,Industrials,301.75,303.15,-0.46,90.9,1.3,2026-07-17,,,,,,,N,N,0
NEW_HIGH,WM,Industrials,239.31,247.15,-3.17,64.8,1.0,2026-07-17,,,,,,,N,N,0
NEW_HIGH,AAPL,Information Technology,333.74,334.99,-0.37,88.6,0.9,2026-07-17,,,,,,,N,N,0
NEW_HIGH,CRWD,Information Technology,203.08,217.5,-6.63,66.9,0.8,2026-07-15,,,,,,,N,N,0
NEW_HIGH,FFIV,Information Technology,409.1,435.0,-5.95,55.8,0.7,2026-07-15,,,,,,,N,N,0
NEW_HIGH,FTNT,Information Technology,161.61,170.35,-5.13,59.3,0.9,2026-07-15,,,,,,,N,N,0
NEW_HIGH,PANW,Information Technology,358.68,368.8,-2.74,66.9,1.0,2026-07-17,,,,,,,N,N,0
NEW_HIGH,CTVA,Materials,87.3,88.21,-1.03,64.6,0.9,2026-07-17,,,,,,,N,N,0
NEW_HIGH,AACB,Other,10.54,10.59,-0.47,65.6,1.1,2026-07-17,,,,,,,N,N,0
NEW_HIGH,ACHC,Other,34.5,34.74,-0.69,77.7,0.7,2026-07-17,,,,,,,N,N,0
NEW_HIGH,ACIW,Other,58.07,60.17,-3.49,83.2,1.5,2026-07-17,,,,,,,N,N,0
NEW_HIGH,ACNB,Other,60.45,62.07,-2.61,50.1,0.8,2026-07-16,,,,,,,N,N,0
NEW_HIGH,ACT,Other,46.52,47.28,-1.61,61.1,1.0,2026-07-17,,,,,,,N,N,0
NEW_HIGH,ADPT,Other,22.92,23.15,-0.99,62.3,0.9,2026-07-16,,,,,,,N,N,0
NEW_HIGH,AFBI,Other,22.74,22.74,0.0,76.9,0.4,2026-07-17,,,,,,,N,N,0
NEW_HIGH,AGEN,Other,5.01,8.7,-42.41,69.5,0.2,2026-07-13,,,,,,,N,N,0
NEW_HIGH,AGNC,Other,11.22,11.45,-2.01,62.1,1.4,2026-07-16,,,,,,,N,N,0
NEW_HIGH,ALIS,Other,10.16,10.25,-0.88,54.9,0.1,2026-07-16,,,,,,,N,N,0
NEW_HIGH,ALRS,Other,32.15,32.64,-1.5,63.8,0.6,2026-07-16,,,,,,,N,N,0
NEW_HIGH,AMAL,Other,47.67,48.59,-1.89,53.9,1.4,2026-07-16,,,,,,,N,N,0
NEW_HIGH,AMCX,Other,10.49,11.13,-5.75,56.6,1.0,2026-07-16,,,,,,,N,N,0
NEW_HIGH,AMRX,Other,17.85,18.39,-2.94,59.3,0.9,2026-07-17,,,,,,,N,N,0
NEW_HIGH,ANGO,Other,13.51,15.2,-11.12,51.4,0.9,2026-07-16,,,,,,,N,N,0
NEW_HIGH,ANSC,Other,11.44,11.45,-0.09,74.5,0.8,2026-07-17,,,,,,,N,N,0
NEW_HIGH,AOUT,Other,13.89,14.97,-7.21,64.0,0.5,2026-07-13,,,,,,,N,N,0
NEW_HIGH,APGE,Other,134.0,134.32,-0.24,77.8,0.3,2026-07-16,,,,,,,N,N,0
NEW_HIGH,AROW,Other,41.56,42.7,-2.67,53.5,1.3,2026-07-16,,,,,,,N,N,0
NEW_HIGH,ATAI,Other,7.22,7.22,0.0,70.4,2.0,2026-07-17,,,,,,,N,N,0
NEW_HIGH,BANR,Other,71.08,72.65,-2.16,62.9,1.1,2026-07-17,,,,,,,N,N,0
NEW_HIGH,BATRA,Other,56.66,58.37,-2.93,50.8,0.8,2026-07-13,,,,,,,N,N,0
NEW_HIGH,BCAL,Other,21.23,21.71,-2.21,55.7,0.6,2026-07-16,,,,,,,N,N,0
NEW_HIGH,BCML,Other,33.97,34.98,-2.89,62.3,0.4,2026-07-16,,,,,,,N,N,0
NEW_HIGH,BHF,Other,65.61,66.8,-1.78,70.3,0.6,2026-07-13,,,,,,,N,N,0
NEW_HIGH,BJRI,Other,67.49,68.02,-0.78,71.3,1.9,2026-07-17,,,,,,,N,N,0
NEW_HIGH,BLFS,Other,29.15,30.88,-5.6,53.6,1.2,2026-07-17,,,,,,,N,N,0
NEW_HIGH,BLZR,Other,10.14,10.17,-0.29,59.4,0.1,2026-07-13,,,,,,,N,N,0
NEW_HIGH,BOKF,Other,141.24,143.53,-1.6,54.8,1.3,2026-07-16,,,,,,,N,N,0
NEW_HIGH,BPAC,Other,10.14,10.14,0.0,75.0,0.0,2026-07-17,,,,,,,N,N,0
NEW_HIGH,BPOP,Other,171.75,174.69,-1.68,62.2,1.0,2026-07-16,,,,,,,N,N,0
NEW_HIGH,BSET,Other,21.6,22.26,-2.96,75.9,0.6,2026-07-15,,,,,,,N,N,0
NEW_HIGH,BSRR,Other,42.12,43.13,-2.34,57.6,0.7,2026-07-16,,,,,,,N,N,0
NEW_HIGH,BSVN,Other,50.96,53.0,-3.85,55.7,1.7,2026-07-16,,,,,,,N,N,0
NEW_HIGH,BTSG,Other,70.69,72.22,-2.12,57.8,0.7,2026-07-13,,,,,,,N,N,0
NEW_HIGH,BVS,Other,12.06,12.53,-3.75,69.1,0.8,2026-07-16,,,,,,,N,N,0
NEW_HIGH,BWB,Other,22.06,22.59,-2.35,67.0,0.4,2026-07-16,,,,,,,N,N,0
NEW_HIGH,BWFG,Other,60.1,61.3,-1.96,51.3,1.2,2026-07-16,,,,,,,N,N,0
NEW_HIGH,CABR,Other,1.3,1.73,-24.86,54.8,0.4,2026-07-13,,,,,,,N,N,0
NEW_HIGH,CAC,Other,54.2,55.98,-3.18,51.4,0.8,2026-07-16,,,,,,,N,N,0
NEW_HIGH,CAKE,Other,85.77,86.66,-1.03,63.4,1.2,2026-07-17,,,,,,,N,N,0
NEW_HIGH,CASS,Other,53.32,54.44,-2.06,60.9,1.2,2026-07-16,,,,,,,N,N,0
NEW_HIGH,CATY,Other,62.71,63.91,-1.88,53.3,1.1,2026-07-16,,,,,,,N,N,0
NEW_HIGH,CBC,Other,31.68,32.27,-1.83,66.0,0.6,2026-07-16,,,,,,,N,N,0
NEW_HIGH,CBNK,Other,35.84,37.0,-3.14,55.2,0.6,2026-07-17,,,,,,,N,N,0
NEW_HIGH,CCNE,Other,34.27,35.24,-2.75,52.6,0.9,2026-07-16,,,,,,,N,N,0
NEW_HIGH,CDNA,Other,39.73,40.47,-1.83,79.8,1.5,2026-07-17,,,,,,,N,N,0
NEW_HIGH,CEPV,Other,10.45,10.45,0.0,66.1,0.0,2026-07-17,,,,,,,N,N,0
NEW_HIGH,CFFN,Other,8.62,8.84,-2.49,55.1,1.0,2026-07-16,,,,,,,N,N,0
NEW_HIGH,CHCO,Other,135.76,138.18,-1.75,56.6,0.8,2026-07-16,,,,,,,N,N,0
NEW_HIGH,CHEF,Other,97.09,102.87,-5.62,52.4,1.1,2026-07-17,,,,,,,N,N,0
NEW_HIGH,CHMG,Other,75.95,78.1,-2.75,51.4,1.5,2026-07-16,,,,,,,N,N,0
NEW_HIGH,CHPG,Other,10.42,10.42,0.0,81.1,0.0,2026-07-17,,,,,,,N,N,0
NEW_HIGH,CHRN,Other,26.43,30.0,-11.9,57.3,0.8,2026-07-15,,,,,,,N,N,0
NEW_HIGH,CLBK,Other,23.42,24.09,-2.78,81.0,8.8,2026-07-17,,,,,,,N,N,0
NEW_HIGH,CLMT,Other,42.83,42.95,-0.28,99.7,2.5,2026-07-17,,,,,,,N,N,0
NEW_HIGH,CMPR,Other,102.85,106.58,-3.5,64.2,0.7,2026-07-16,,,,,,,N,N,0
NEW_HIGH,CNOB,Other,33.43,34.14,-2.08,51.6,0.8,2026-07-16,,,,,,,N,N,0
NEW_HIGH,CNXN,Other,78.97,79.21,-0.3,74.8,0.5,2026-07-14,,,,,,,N,N,0
NEW_HIGH,COLB,Other,33.24,33.68,-1.31,59.4,1.1,2026-07-16,,,,,,,N,N,0
NEW_HIGH,CPIX,Other,6.84,8.09,-15.45,50.8,2.8,2026-07-16,,,,,,,N,N,0
NEW_HIGH,CRAN,Other,10.16,10.21,-0.49,60.0,0.2,2026-07-13,,,,,,,N,N,0
NEW_HIGH,CRAQ,Other,10.35,10.35,0.0,,0.0,2026-07-17,,,,,,,N,N,0
NEW_HIGH,CRNX,Other,83.86,84.0,-0.17,99.3,0.7,2026-07-16,,,,,,,N,N,0
NEW_HIGH,CROX,Other,137.13,140.42,-2.34,62.2,0.6,2026-07-17,,,,,,,N,N,0
NEW_HIGH,CSTE,Other,2.29,2.62,-12.6,60.4,0.3,2026-07-13,,,,,,,N,N,0
NEW_HIGH,CSWC,Other,24.3,24.41,-0.45,73.3,1.3,2026-07-17,,,,,,,N,N,0
NEW_HIGH,CVBF,Other,22.82,23.37,-2.35,57.9,1.0,2026-07-16,,,,,,,N,N,0
NEW_HIGH,CWBC,Other,27.16,28.17,-3.59,52.5,0.6,2026-07-16,,,,,,,N,N,0
NEW_HIGH,CYRX,Other,16.51,16.89,-2.25,55.9,0.9,2026-07-17,,,,,,,N,N,0
NEW_HIGH,CZFS,Other,73.62,75.0,-1.84,49.5,0.7,2026-07-17,,,,,,,N,N,0
NEW_HIGH,DAVE,Other,440.42,455.98,-3.41,78.8,0.8,2026-07-16,,,,,,,N,N,0
NEW_HIGH,DGICB,Other,22.15,29.99,-26.14,43.3,0.5,2026-07-14,,,,,,,N,N,0
NEW_HIGH,DMAA,Other,10.67,10.69,-0.19,59.4,0.0,2026-07-14,,,,,,,N,N,0
NEW_HIGH,DNTH,Other,105.6,105.72,-0.11,61.8,0.7,2026-07-17,,,,,,,N,N,0
NEW_HIGH,DRDB,Other,10.57,10.58,-0.09,83.3,0.0,2026-07-13,,,,,,,N,N,0
NEW_HIGH,DRH,Other,12.55,12.56,-0.08,54.3,1.2,2026-07-17,,,,,,,N,N,0
NEW_HIGH,DSGR,Other,34.5,34.83,-0.95,83.3,2.1,2026-07-16,,,,,,,N,N,0
NEW_HIGH,EBC,Other,23.0,23.53,-2.25,59.9,0.5,2026-07-16,,,,,,,N,N,0
NEW_HIGH,ECBK,Other,20.05,20.76,-3.42,58.8,0.7,2026-07-17,,,,,,,N,N,0
NEW_HIGH,EFSC,Other,67.39,68.73,-1.95,52.4,1.1,2026-07-16,,,,,,,N,N,0
NEW_HIGH,ELVN,Other,53.2,54.1,-1.66,60.6,0.5,2026-07-17,,,,,,,N,N,0
NEW_HIGH,ESTA,Other,92.58,93.12,-0.58,60.1,0.6,2026-07-16,,,,,,,N,N,0
NEW_HIGH,ETON,Other,42.32,42.65,-0.77,71.4,2.5,2026-07-17,,,,,,,N,N,0
NEW_HIGH,EWBC,Other,134.52,136.24,-1.26,62.3,0.7,2026-07-16,,,,,,,N,N,0
NEW_HIGH,FA,Other,22.35,22.78,-1.89,82.7,1.1,2026-07-17,,,,,,,N,N,0
NEW_HIGH,FATE,Other,2.78,3.23,-13.93,68.7,0.3,2026-07-13,,,,,,,N,N,0
NEW_HIGH,FBIZ,Other,65.7,66.77,-1.6,58.7,1.2,2026-07-17,,,,,,,N,N,0
NEW_HIGH,FBLA,Other,15.31,15.47,-1.03,50.3,0.8,2026-07-17,,,,,,,N,N,0
NEW_HIGH,FBNC,Other,64.43,66.54,-3.17,55.0,0.7,2026-07-16,,,,,,,N,N,0
NEW_HIGH,FBRX,Other,48.86,50.0,-2.28,89.8,0.6,2026-07-17,,,,,,,N,N,0
NEW_HIGH,FDSB,Other,17.81,18.0,-1.06,92.6,2.4,2026-07-17,,,,,,,N,N,0
NEW_HIGH,FFBC,Other,35.72,36.25,-1.46,64.7,2.7,2026-07-16,,,,,,,N,N,0
NEW_HIGH,FIBK,Other,39.18,40.6,-3.5,55.1,1.4,2026-07-16,,,,,,,N,N,0
NEW_HIGH,FISI,Other,39.32,40.4,-2.67,52.8,0.5,2026-07-16,,,,,,,N,N,0
NEW_HIGH,FLYW,Other,18.13,18.98,-4.48,55.1,0.8,2026-07-16,,,,,,,N,N,0
NEW_HIGH,FMAO,Other,30.57,31.91,-4.2,52.4,0.4,2026-07-16,,,,,,,N,N,0
NEW_HIGH,FMBH,Other,49.23,50.51,-2.53,56.0,0.7,2026-07-16,,,,,,,N,N,0
NEW_HIGH,FNRN,Other,18.3,18.79,-2.61,63.8,0.4,2026-07-16,,,,,,,N,N,0
NEW_HIGH,FNWB,Other,12.17,12.52,-2.8,85.2,1.1,2026-07-17,,,,,,,N,N,0
NEW_HIGH,FRBA,Other,17.86,18.45,-3.2,55.7,0.7,2026-07-17,,,,,,,N,N,0
NEW_HIGH,FRME,Other,44.59,45.33,-1.63,56.5,0.9,2026-07-16,,,,,,,N,N,0
NEW_HIGH,FSBC,Other,48.81,50.26,-2.88,52.1,0.6,2026-07-16,,,,,,,N,N,0
NEW_HIGH,FSBW,Other,44.03,45.85,-3.97,55.4,0.7,2026-07-17,,,,,,,N,N,0
NEW_HIGH,FTH,Other,25.87,37.9,-31.74,55.4,0.5,2026-07-13,,,,,,,N,N,0
NEW_HIGH,FULT,Other,24.79,25.23,-1.74,60.2,1.6,2026-07-16,,,,,,,N,N,0
NEW_HIGH,FVCB,Other,17.82,18.36,-2.94,54.5,0.5,2026-07-17,,,,,,,N,N,0
NEW_HIGH,GABC,Other,48.57,49.39,-1.66,56.3,0.8,2026-07-16,,,,,,,N,N,0
NEW_HIGH,GCMG,Other,12.9,14.38,-10.29,58.1,2.0,2026-07-15,,,,,,,N,N,0
NEW_HIGH,GFUZ,Other,8.3,14.85,-44.11,43.0,0.4,2026-07-13,,,,,,,N,N,0
NEW_HIGH,GHRS,Other,28.71,31.0,-7.39,52.2,1.9,2026-07-16,,,,,,,N,N,0
NEW_HIGH,GPRE,Other,19.23,19.65,-2.14,85.0,3.5,2026-07-17,,,,,,,N,N,0
NEW_HIGH,GTERA,Other,10.35,10.35,0.0,80.0,4.0,2026-07-17,,,,,,,N,N,0
NEW_HIGH,HBCP,Other,69.31,71.69,-3.32,49.8,0.8,2026-07-16,,,,,,,N,N,0
NEW_HIGH,HBNC,Other,20.3,20.66,-1.74,52.1,0.7,2026-07-16,,,,,,,N,N,0
NEW_HIGH,HBT,Other,32.77,33.69,-2.73,58.8,0.7,2026-07-16,,,,,,,N,N,0
NEW_HIGH,HFWA,Other,30.52,31.25,-2.34,57.8,1.1,2026-07-16,,,,,,,N,N,0
NEW_HIGH,HNVR,Other,25.05,25.61,-2.19,69.1,0.6,2026-07-16,,,,,,,N,N,0
NEW_HIGH,HTO,Other,65.43,65.56,-0.2,75.9,1.2,2026-07-17,,,,,,,N,N,0
NEW_HIGH,HWC,Other,78.46,79.36,-1.13,69.2,1.0,2026-07-16,,,,,,,N,N,0
NEW_HIGH,IART,Other,19.25,20.26,-4.99,54.1,0.9,2026-07-16,,,,,,,N,N,0
NEW_HIGH,ICCC,Other,11.13,12.1,-8.02,60.6,0.2,2026-07-14,,,,,,,N,N,0
NEW_HIGH,ICUI,Other,157.51,162.85,-3.28,59.4,0.7,2026-07-17,,,,,,,N,N,0
NEW_HIGH,IGAC,Other,10.05,10.05,0.0,,0.0,2026-07-17,,,,,,,N,N,0
NEW_HIGH,IGIC,Other,27.89,28.84,-3.29,57.9,0.5,2026-07-13,,,,,,,N,N,0
NEW_HIGH,IKT,Other,2.11,2.36,-10.59,63.9,1.5,2026-07-14,,,,,,,N,N,0
NEW_HIGH,IMUX,Other,15.16,15.84,-4.29,47.4,1.1,2026-07-17,,,,,,,N,N,0
NEW_HIGH,INAC,Other,10.28,10.28,0.0,61.4,2.5,2026-07-17,,,,,,,N,N,0
NEW_HIGH,INDB,Other,84.51,87.5,-3.42,49.9,2.2,2026-07-16,,,,,,,N,N,0
NEW_HIGH,IPCX,Other,10.4,10.4,0.0,70.0,0.0,2026-07-17,,,,,,,N,N,0
NEW_HIGH,IPEX,Other,10.54,10.54,0.0,66.7,0.0,2026-07-17,,,,,,,N,N,0
NEW_HIGH,ITIC,Other,289.22,291.44,-0.76,64.4,0.4,2026-07-17,,,,,,,N,N,0
NEW_HIGH,JAKK,Other,24.23,25.25,-4.04,52.7,1.0,2026-07-17,,,,,,,N,N,0
NEW_HIGH,JMSB,Other,22.18,23.28,-4.73,52.0,0.6,2026-07-16,,,,,,,N,N,0
NEW_HIGH,KARO,Other,62.69,65.1,-3.7,85.3,1.5,2026-07-17,,,,,,,N,N,0
NEW_HIGH,KCHV,Other,10.39,10.39,0.0,57.1,0.0,2026-07-17,,,,,,,N,N,0
NEW_HIGH,KELYA,Other,15.32,15.89,-3.59,75.5,0.9,2026-07-17,,,,,,,N,N,0
NEW_HIGH,KOYN,Other,10.16,10.16,0.0,71.4,0.1,2026-07-17,,,,,,,N,N,0
NEW_HIGH,KRNY,Other,9.5,9.76,-2.66,55.9,0.7,2026-07-16,,,,,,,N,N,0
NEW_HIGH,KRT,Other,38.09,38.44,-0.91,84.7,1.2,2026-07-17,,,,,,,N,N,0
NEW_HIGH,LAMR,Other,162.32,164.38,-1.25,64.6,0.8,2026-07-17,,,,,,,N,N,0
NEW_HIGH,LAUR,Other,36.45,40.75,-10.55,46.5,1.1,2026-07-13,,,,,,,N,N,0
NEW_HIGH,LCCC,Other,10.44,10.45,-0.1,75.0,1.2,2026-07-15,,,,,,,N,N,0
NEW_HIGH,LCNB,Other,19.14,20.2,-5.25,55.7,1.4,2026-07-16,,,,,,,N,N,0
NEW_HIGH,LEDS,Other,3.01,3.62,-16.85,77.9,1.9,2026-07-17,,,,,,,N,N,0
NEW_HIGH,LFST,Other,11.58,11.68,-0.86,68.3,0.9,2026-07-17,,,,,,,N,N,0
NEW_HIGH,LKSP,Other,10.16,10.17,-0.1,58.3,0.0,2026-07-17,,,,,,,N,N,0
NEW_HIGH,LPRO,Other,3.14,3.14,0.0,60.0,0.4,2026-07-17,,,,,,,N,N,0
NEW_HIGH,LQDT,Other,39.52,41.28,-4.26,53.5,1.5,2026-07-17,,,,,,,N,N,0
NEW_HIGH,LWACU,Other,10.32,10.63,-2.92,51.6,10.0,2026-07-16,,,,,,,N,N,0
NEW_HIGH,MBWM,Other,57.8,59.95,-3.59,53.9,1.3,2026-07-16,,,,,,,N,N,0
NEW_HIGH,MCHB,Other,16.28,16.68,-2.4,54.6,1.0,2026-07-16,,,,,,,N,N,0
NEW_HIGH,MKTW,Other,20.11,21.39,-5.98,78.4,0.2,2026-07-13,,,,,,,N,N,0
NEW_HIGH,MMTX,Other,10.11,10.15,-0.39,46.7,0.0,2026-07-15,,,,,,,N,N,0
NEW_HIGH,MPB,Other,35.44,37.18,-4.68,55.5,0.7,2026-07-16,,,,,,,N,N,0
NEW_HIGH,MRVI,Other,7.24,7.26,-0.28,72.0,0.8,2026-07-17,,,,,,,N,N,0
NEW_HIGH,MSBI,Other,31.12,31.82,-2.2,49.1,0.9,2026-07-16,,,,,,,N,N,0
NEW_HIGH,MTCH,Other,39.15,41.03,-4.58,60.3,0.6,2026-07-16,,,,,,,N,N,0
NEW_HIGH,MYFW,Other,33.15,34.36,-3.52,59.4,0.4,2026-07-17,,,,,,,N,N,0
NEW_HIGH,NBTB,Other,52.45,53.33,-1.65,68.5,1.5,2026-07-16,,,,,,,N,N,0
NEW_HIGH,NEWT,Other,15.2,15.69,-3.12,56.1,0.5,2026-07-16,,,,,,,N,N,0
NEW_HIGH,NFBK,Other,14.86,15.01,-1.0,46.2,1.0,2026-07-17,,,,,,,N,N,0
NEW_HIGH,NMIH,Other,43.01,43.35,-0.78,72.8,0.7,2026-07-17,,,,,,,N,N,0
NEW_HIGH,NMP,Other,10.3,10.3,0.0,61.5,0.2,2026-07-16,,,,,,,N,N,0
NEW_HIGH,NODK,Other,15.91,16.7,-4.73,42.9,0.6,2026-07-15,,,,,,,N,N,0
NEW_HIGH,NOEM,Other,10.58,10.58,0.0,90.0,0.2,2026-07-17,,,,,,,N,N,0
NEW_HIGH,NTWO,Other,10.74,10.74,0.0,76.2,0.2,2026-07-17,,,,,,,N,N,0
NEW_HIGH,NWBI,Other,15.53,15.72,-1.21,60.0,1.0,2026-07-16,,,,,,,N,N,0
NEW_HIGH,OBA,Other,10.26,10.26,0.0,60.0,0.0,2026-07-17,,,,,,,N,N,0
NEW_HIGH,OCFC,Other,19.92,20.33,-2.02,56.2,0.8,2026-07-16,,,,,,,N,N,0
NEW_HIGH,OKTA,Other,149.35,157.0,-4.87,69.9,0.8,2026-07-15,,,,,,,N,N,0
NEW_HIGH,ONB,Other,26.74,27.32,-2.12,60.6,1.3,2026-07-16,,,,,,,N,N,0
NEW_HIGH,ORRF,Other,41.34,42.54,-2.82,50.8,0.7,2026-07-16,,,,,,,N,N,0
NEW_HIGH,OSBC,Other,23.64,23.99,-1.46,54.3,1.0,2026-07-16,,,,,,,N,N,0
NEW_HIGH,OSPN,Other,15.47,15.98,-3.19,70.9,1.1,2026-07-15,,,,,,,N,N,0
NEW_HIGH,OTTR,Other,92.83,95.0,-2.28,57.3,1.9,2026-07-17,,,,,,,N,N,0
NEW_HIGH,OZK,Other,52.01,53.18,-2.2,51.8,1.0,2026-07-16,,,,,,,N,N,0
NEW_HIGH,PACH,Other,10.29,10.29,0.0,63.0,0.0,2026-07-16,,,,,,,N,N,0
NEW_HIGH,PAYS,Other,8.55,9.3,-8.06,56.6,0.5,2026-07-14,,,,,,,N,N,0
NEW_HIGH,PBYI,Other,8.53,8.66,-1.5,61.1,0.6,2026-07-16,,,,,,,N,N,0
NEW_HIGH,PCB,Other,29.81,30.84,-3.34,65.8,1.2,2026-07-17,,,,,,,N,N,0
NEW_HIGH,PDLB,Other,20.25,20.74,-2.36,57.5,1.5,2026-07-17,,,,,,,N,N,0
NEW_HIGH,PEBO,Other,39.39,40.19,-1.99,56.5,1.1,2026-07-16,,,,,,,N,N,0
NEW_HIGH,PECO,Other,44.01,44.38,-0.83,68.2,0.8,2026-07-17,,,,,,,N,N,0
NEW_HIGH,PESI,Other,17.46,18.4,-5.11,75.4,4.4,2026-07-17,,,,,,,N,N,0
NEW_HIGH,PFIS,Other,68.73,70.54,-2.57,57.0,0.5,2026-07-16,,,,,,,N,N,0
NEW_HIGH,PGNY,Other,31.93,33.06,-3.42,80.2,0.7,2026-07-16,,,,,,,N,N,0
NEW_HIGH,PKBK,Other,33.08,34.47,-4.03,52.8,0.7,2026-07-16,,,,,,,N,N,0
NEW_HIGH,PLBC,Other,61.35,63.74,-3.75,62.5,1.1,2026-07-16,,,,,,,N,N,0
NEW_HIGH,PLMK,Other,10.59,12.0,-11.75,48.3,0.3,2026-07-13,,,,,,,N,N,0
NEW_HIGH,PNTG,Other,41.95,42.47,-1.22,83.8,0.7,2026-07-17,,,,,,,N,N,0
NEW_HIGH,PRVA,Other,26.9,28.82,-6.66,64.1,1.1,2026-07-16,,,,,,,N,N,0
NEW_HIGH,PSNL,Other,15.39,16.39,-6.1,69.4,1.3,2026-07-17,,,,,,,N,N,0
NEW_HIGH,PTRN,Other,28.11,29.8,-5.67,72.2,0.7,2026-07-16,,,,,,,N,N,0
NEW_HIGH,PUBM,Other,12.73,14.04,-9.33,51.1,1.5,2026-07-16,,,,,,,N,N,0
NEW_HIGH,PYPD,Other,5.37,5.73,-6.28,62.1,1.0,2026-07-17,,,,,,,N,N,0
NEW_HIGH,QCRH,Other,98.6,100.3,-1.69,50.9,0.6,2026-07-17,,,,,,,N,N,0
NEW_HIGH,QLYS,Other,159.43,167.86,-5.02,74.3,1.0,2026-07-15,,,,,,,N,N,0
NEW_HIGH,QNST,Other,16.78,18.02,-6.88,77.2,1.1,2026-07-15,,,,,,,N,N,0
NEW_HIGH,QTTB,Other,15.05,23.57,-36.15,53.9,0.5,2026-07-14,,,,,,,N,N,0
NEW_HIGH,QUMS,Other,10.26,10.27,-0.1,59.1,2.7,2026-07-17,,,,,,,N,N,0
NEW_HIGH,RBB,Other,27.06,28.24,-4.18,50.1,1.4,2026-07-16,,,,,,,N,N,0
NEW_HIGH,RBCAA,Other,90.91,93.85,-3.13,55.0,0.8,2026-07-17,,,,,,,N,N,0
NEW_HIGH,RDVT,Other,65.21,69.65,-6.37,64.9,0.7,2026-07-14,,,,,,,N,N,0
NEW_HIGH,RELY,Other,24.13,25.75,-6.29,61.8,1.0,2026-07-16,,,,,,,N,N,0
NEW_HIGH,RGCO,Other,24.48,27.76,-11.82,58.4,1.1,2026-07-13,,,,,,,N,N,0
NEW_HIGH,RNGT,Other,10.12,10.16,-0.39,61.5,0.0,2026-07-13,,,,,,,N,N,0
NEW_HIGH,RPRX,Other,58.18,59.44,-2.12,57.9,0.7,2026-07-17,,,,,,,N,N,0
NEW_HIGH,RRBI,Other,97.73,100.52,-2.78,67.1,0.7,2026-07-16,,,,,,,N,N,0
NEW_HIGH,RUSHA,Other,76.89,80.17,-4.09,61.5,0.8,2026-07-17,,,,,,,N,N,0
NEW_HIGH,RUSHB,Other,75.74,79.1,-4.25,49.5,0.8,2026-07-17,,,,,,,N,N,0
NEW_HIGH,SBFG,Other,27.08,27.69,-2.2,68.2,0.3,2026-07-16,,,,,,,N,N,0
NEW_HIGH,SCSC,Other,54.79,54.92,-0.24,72.4,0.9,2026-07-16,,,,,,,N,N,0
NEW_HIGH,SEIC,Other,99.25,100.79,-1.53,78.6,1.1,2026-07-17,,,,,,,N,N,0
NEW_HIGH,SEZL,Other,174.67,195.71,-10.75,52.0,1.0,2026-07-16,,,,,,,N,N,0
NEW_HIGH,SFNC,Other,22.95,23.91,-4.02,50.3,2.6,2026-07-16,,,,,,,N,N,0
NEW_HIGH,SFST,Other,62.2,64.06,-2.9,54.2,0.9,2026-07-16,,,,,,,N,N,0
NEW_HIGH,SHBI,Other,23.18,23.68,-2.11,48.6,0.8,2026-07-16,,,,,,,N,N,0
NEW_HIGH,SION,Other,49.41,51.0,-3.12,67.3,2.0,2026-07-17,,,,,,,N,N,0
NEW_HIGH,SLN,Other,10.5,11.19,-6.17,53.4,0.4,2026-07-17,,,,,,,N,N,0
NEW_HIGH,SMBC,Other,77.44,78.48,-1.33,53.0,0.8,2026-07-16,,,,,,,N,N,0
NEW_HIGH,SNFCA,Other,9.81,10.23,-4.11,62.8,1.1,2026-07-17,,,,,,,N,N,0
NEW_HIGH,SOCA,Other,10.28,10.29,-0.1,50.0,0.0,2026-07-14,,,,,,,N,N,0
NEW_HIGH,SPFI,Other,45.96,46.94,-2.09,62.9,1.4,2026-07-17,,,,,,,N,N,0
NEW_HIGH,SRBK,Other,19.65,20.2,-2.72,54.5,0.7,2026-07-17,,,,,,,N,N,0
NEW_HIGH,SSEA,Other,10.28,10.29,-0.1,70.8,2.6,2026-07-15,,,,,,,N,N,0
NEW_HIGH,STBA,Other,49.97,51.01,-2.04,55.0,1.1,2026-07-16,,,,,,,N,N,0
NEW_HIGH,STHO,Other,9.41,9.68,-2.79,58.6,1.4,2026-07-16,,,,,,,N,N,0
NEW_HIGH,SVCC,Other,10.61,10.61,0.0,60.0,0.5,2026-07-17,,,,,,,N,N,0
NEW_HIGH,SYBT,Other,81.14,82.5,-1.65,67.1,0.9,2026-07-17,,,,,,,N,N,0
NEW_HIGH,SYRE,Other,100.23,105.09,-4.62,63.5,0.6,2026-07-14,,,,,,,N,N,0
NEW_HIGH,TACH,Other,10.42,10.59,-1.61,51.2,1.1,2026-07-14,,,,,,,N,N,0
NEW_HIGH,TALK,Other,5.21,5.25,-0.76,46.7,0.4,2026-07-13,,,,,,,N,N,0
NEW_HIGH,TCBK,Other,60.52,61.71,-1.93,68.7,1.2,2026-07-16,,,,,,,N,N,0
NEW_HIGH,TENB,Other,39.88,43.67,-8.68,70.7,0.7,2026-07-15,,,,,,,N,N,0
NEW_HIGH,TFSL,Other,18.28,18.53,-1.35,67.9,0.9,2026-07-16,,,,,,,N,N,0
NEW_HIGH,TIGO,Other,98.34,100.08,-1.74,68.6,0.6,2026-07-14,,,,,,,N,N,0
NEW_HIGH,TOI,Other,5.35,6.67,-19.79,49.4,0.7,2026-07-14,,,,,,,N,N,0
NEW_HIGH,TRIN,Other,17.78,17.99,-1.17,68.7,0.8,2026-07-17,,,,,,,N,N,0
NEW_HIGH,TRNS,Other,87.9,95.22,-7.69,42.2,0.8,2026-07-14,,,,,,,N,N,0
NEW_HIGH,TRVI,Other,19.07,20.22,-5.69,54.4,2.5,2026-07-17,,,,,,,N,N,0
NEW_HIGH,TVAI,Other,10.34,10.36,-0.19,58.8,0.0,2026-07-13,,,,,,,N,N,0
NEW_HIGH,TXG,Other,43.74,46.32,-5.57,68.5,0.7,2026-07-15,,,,,,,N,N,0
NEW_HIGH,TXRH,Other,197.03,200.11,-1.54,50.5,1.1,2026-07-17,,,,,,,N,N,0
NEW_HIGH,UBSI,Other,47.58,48.22,-1.33,59.6,1.1,2026-07-16,,,,,,,N,N,0
NEW_HIGH,UMBF,Other,145.99,148.31,-1.56,52.0,0.5,2026-07-16,,,,,,,N,N,0
NEW_HIGH,URGN,Other,40.23,41.88,-3.94,76.1,1.5,2026-07-17,,,,,,,N,N,0
NEW_HIGH,USCB,Other,20.48,20.99,-2.43,49.3,0.6,2026-07-16,,,,,,,N,N,0
NEW_HIGH,VABK,Other,46.15,48.76,-5.35,53.1,1.4,2026-07-17,,,,,,,N,N,0
NEW_HIGH,VALU,Other,41.0,41.18,-0.44,59.5,0.8,2026-07-17,,,,,,,N,N,0
NEW_HIGH,VCEL,Other,46.64,48.75,-4.33,51.6,0.7,2026-07-16,,,,,,,N,N,0
NEW_HIGH,VCTR,Other,98.52,102.05,-3.46,78.3,1.1,2026-07-15,,,,,,,N,N,0
NEW_HIGH,VHCPU,Other,10.16,10.16,0.0,,0.0,2026-07-17,,,,,,,N,N,0
NEW_HIGH,VLY,Other,14.95,15.2,-1.64,55.0,0.8,2026-07-16,,,,,,,N,N,0
NEW_HIGH,VMD,Other,12.15,12.61,-3.65,62.9,0.6,2026-07-13,,,,,,,N,N,0
NEW_HIGH,WABC,Other,61.36,63.61,-3.54,62.1,1.4,2026-07-17,,,,,,,N,N,0
NEW_HIGH,WAFD,Other,38.12,39.49,-3.47,51.2,1.9,2026-07-16,,,,,,,N,N,0
NEW_HIGH,WERN,Other,46.04,46.22,-0.39,67.8,1.5,2026-07-17,,,,,,,N,N,0
NEW_HIGH,WEYS,Other,39.2,40.41,-2.99,57.1,0.7,2026-07-16,,,,,,,N,N,0
NEW_HIGH,WILC,Other,30.79,37.99,-18.95,38.3,0.8,2026-07-15,,,,,,,N,N,0
NEW_HIGH,WNEB,Other,14.63,15.01,-2.53,53.0,0.9,2026-07-16,,,,,,,N,N,0
NEW_HIGH,WSBC,Other,40.8,41.27,-1.14,64.6,0.6,2026-07-16,,,,,,,N,N,0
NEW_HIGH,WSFS,Other,79.84,80.73,-1.1,59.8,1.0,2026-07-16,,,,,,,N,N,0
NEW_HIGH,WSTN,Other,10.12,10.13,-0.1,60.0,0.0,2026-07-15,,,,,,,N,N,0
NEW_HIGH,WTBA,Other,27.04,27.87,-2.98,50.7,0.7,2026-07-16,,,,,,,N,N,0
NEW_HIGH,XAIR,Other,5.58,7.28,-23.35,94.4,0.1,2026-07-14,,,,,,,N,N,0
NEW_HIGH,XMTR,Other,98.54,102.0,-3.39,57.5,2.0,2026-07-17,,,,,,,N,N,0
NEW_HIGH,ZION,Other,72.27,73.34,-1.46,61.8,1.1,2026-07-16,,,,,,,N,N,0
NEW_HIGH,DOC,Real Estate,22.51,22.62,-0.49,65.8,1.0,2026-07-17,,,,,,,N,N,0
NEW_HIGH,EXR,Real Estate,148.16,152.72,-2.99,48.2,0.7,2026-07-17,,,,,,,N,N,0
NEW_HIGH,FRT,Real Estate,126.02,126.86,-0.66,56.8,2.0,2026-07-17,,,,,,,N,N,0
NEW_HIGH,KIM,Real Estate,26.12,26.45,-1.25,53.3,0.8,2026-07-17,,,,,,,N,N,0
NEW_HIGH,O,Real Estate,65.71,67.15,-2.14,64.6,1.0,2026-07-17,,,,,,,N,N,0
NEW_HIGH,PLD,Real Estate,149.79,153.35,-2.32,69.2,1.1,2026-07-17,,,,,,,N,N,0
NEW_HIGH,REG,Real Estate,82.68,83.66,-1.17,53.9,1.0,2026-07-17,,,,,,,N,N,0
NEW_HIGH,SPG,Real Estate,228.7,231.53,-1.22,52.9,0.6,2026-07-17,,,,,,,N,N,0
NEW_HIGH,VTR,Real Estate,96.1,97.16,-1.09,74.8,0.8,2026-07-17,,,,,,,N,N,0
NEW_HIGH,WELL,Real Estate,243.25,246.43,-1.29,69.1,0.8,2026-07-17,,,,,,,N,N,0
NEW_HIGH,D,Utilities,71.04,72.99,-2.67,59.6,0.7,2026-07-17,,,,,,,N,N,0
NEW_HIGH,EIX,Utilities,77.63,79.88,-2.82,62.1,1.0,2026-07-17,,,,,,,N,N,0
NEW_HIGH,ES,Utilities,74.62,76.22,-2.1,54.9,1.1,2026-07-17,,,,,,,N,N,0
NEW_HIGH,PNW,Utilities,107.73,111.16,-3.09,49.1,1.1,2026-07-17,,,,,,,N,N,0
NEW_LOW,NFLX,Communication Services,68.95,65.08,5.95,38.0,2.6,2026-07-17,,,,,,,N,N,0
NEW_LOW,LVS,Consumer Discretionary,45.36,44.22,2.58,36.4,0.9,2026-07-15,,,,,,,N,N,0
NEW_LOW,MCD,Consumer Discretionary,267.71,264.09,1.37,48.1,0.8,2026-07-15,,,,,,,N,N,0
NEW_LOW,ORLY,Consumer Discretionary,86.05,82.59,4.19,43.3,0.6,2026-07-15,,,,,,,N,N,0
NEW_LOW,BSX,Health Care,44.03,42.2,4.34,49.1,0.8,2026-07-15,,,,,,,N,N,0
NEW_LOW,ISRG,Health Care,345.42,344.55,0.25,33.4,3.4,2026-07-17,,,,,,,N,N,0
NEW_LOW,CPRT,Industrials,27.61,27.23,1.4,33.6,0.9,2026-07-15,,,,,,,N,N,0
NEW_LOW,PNR,Industrials,62.45,57.6,8.42,21.6,1.6,2026-07-15,,,,,,,N,N,0
NEW_LOW,IBM,Information Technology,212.67,204.44,4.03,30.2,1.0,2026-07-16,,,,,,,N,N,0
NEW_LOW,ORCL,Information Technology,126.41,121.5,4.04,28.2,1.0,2026-07-17,,,,,,,N,N,0
NEW_LOW,SNPS,Information Technology,384.28,366.0,4.99,20.6,2.4,2026-07-17,,,,,,,N,N,0
NEW_LOW,AAME,Other,1.58,1.58,0.0,30.0,1.1,2026-07-17,,,,,,,N,N,0
NEW_LOW,ABTC,Other,5.44,5.04,7.94,10.3,0.6,2026-07-17,,,,,,,N,N,0
NEW_LOW,ACB,Other,2.63,2.56,2.73,32.8,1.0,2026-07-17,,,,,,,N,N,0
NEW_LOW,ADGM,Other,0.53,0.51,3.92,18.8,0.6,2026-07-17,,,,,,,N,N,0
NEW_LOW,AEMD,Other,0.65,0.64,1.56,26.1,0.4,2026-07-17,,,,,,,N,N,0
NEW_LOW,AGNT,Other,4.58,4.28,7.01,30.8,1.2,2026-07-14,,,,,,,N,N,0
NEW_LOW,AIFC,Other,0.55,0.5,10.0,50.0,0.4,2026-07-13,,,,,,,N,N,0
NEW_LOW,AIIR,Other,6.05,5.69,6.33,40.6,1.9,2026-07-17,,,,,,,N,N,0
NEW_LOW,AIRE,Other,1.39,1.35,2.96,23.1,0.9,2026-07-17,,,,,,,N,N,0
NEW_LOW,AISP,Other,2.0,1.93,3.63,27.3,0.6,2026-07-17,,,,,,,N,N,0
NEW_LOW,AIXC,Other,0.77,0.75,2.67,30.1,0.4,2026-07-17,,,,,,,N,N,0
NEW_LOW,ALNY,Other,267.47,266.43,0.39,37.6,0.8,2026-07-17,,,,,,,N,N,0
NEW_LOW,ALPS,Other,0.5,0.44,13.64,28.8,0.7,2026-07-16,,,,,,,N,N,0
NEW_LOW,ANTA,Other,4.04,3.7,9.19,16.7,0.9,2026-07-16,,,,,,,N,N,0
NEW_LOW,APM,Other,0.7,0.6,16.67,35.2,2.8,2026-07-17,,,,,,,N,N,0
NEW_LOW,ASPI,Other,3.88,3.61,7.48,12.1,1.4,2026-07-17,,,,,,,N,N,0
NEW_LOW,ATCX,Other,3.17,3.02,4.97,37.1,1.2,2026-07-17,,,,,,,N,N,0
NEW_LOW,ATLX,Other,3.04,2.86,6.29,18.6,1.0,2026-07-17,,,,,,,N,N,0
NEW_LOW,AVX,Other,3.6,3.6,0.0,16.5,0.3,2026-07-17,,,,,,,N,N,0
NEW_LOW,AVXL,Other,2.39,2.26,5.75,39.4,1.3,2026-07-17,,,,,,,N,N,0
NEW_LOW,BANL,Other,0.36,0.27,33.33,48.1,4.9,2026-07-16,,,,,,,N,N,0
NEW_LOW,BEAT,Other,0.56,0.51,9.8,39.2,0.4,2026-07-14,,,,,,,N,N,0
NEW_LOW,BEEM,Other,1.03,1.01,1.98,24.3,0.7,2026-07-17,,,,,,,N,N,0
NEW_LOW,BGL,Other,0.21,0.2,5.0,31.3,0.2,2026-07-17,,,,,,,N,N,0
NEW_LOW,BHST,Other,2.7,2.7,0.0,44.3,2.5,2026-07-17,,,,,,,N,N,0
NEW_LOW,BIAF,Other,0.7,0.61,14.75,28.6,0.1,2026-07-13,,,,,,,N,N,0
NEW_LOW,BLNE,Other,0.94,0.76,23.68,16.7,1.0,2026-07-17,,,,,,,N,N,0
NEW_LOW,BMR,Other,1.23,1.06,16.04,31.0,0.9,2026-07-16,,,,,,,N,N,0
NEW_LOW,BMRA,Other,1.61,1.61,0.0,33.3,0.4,2026-07-17,,,,,,,N,N,0
NEW_LOW,BNKK,Other,1.21,1.14,6.14,31.9,0.2,2026-07-13,,,,,,,N,N,0
NEW_LOW,BNRG,Other,0.83,0.64,29.69,51.9,8.2,2026-07-13,,,,,,,N,N,0
NEW_LOW,BNZI,Other,2.42,2.08,16.35,39.0,0.3,2026-07-13,,,,,,,N,N,0
NEW_LOW,BRFH,Other,1.85,1.78,3.93,32.8,0.3,2026-07-14,,,,,,,N,N,0
NEW_LOW,BRID,Other,6.49,6.35,2.2,44.5,0.9,2026-07-13,,,,,,,N,N,0
NEW_LOW,BTCS,Other,0.99,0.96,3.12,38.5,0.3,2026-07-17,,,,,,,N,N,0
NEW_LOW,BTOC,Other,0.26,0.23,13.04,43.8,2.6,2026-07-17,,,,,,,N,N,0
NEW_LOW,BTOG,Other,0.93,0.8,16.25,13.0,0.0,2026-07-17,,,,,,,N,N,0
NEW_LOW,BWMN,Other,25.31,25.27,0.16,14.2,1.2,2026-07-17,,,,,,,N,N,0
NEW_LOW,BYAH,Other,0.46,0.37,24.32,13.4,1.3,2026-07-17,,,,,,,N,N,0
NEW_LOW,BYRN,Other,3.34,3.29,1.52,26.8,0.6,2026-07-17,,,,,,,N,N,0
NEW_LOW,BYSI,Other,1.29,1.16,11.21,27.8,0.4,2026-07-16,,,,,,,N,N,0
NEW_LOW,CAPS,Other,0.26,0.23,13.04,55.6,0.3,2026-07-14,,,,,,,N,N,0
NEW_LOW,CCOI,Other,10.97,10.93,0.37,34.5,1.0,2026-07-17,,,,,,,N,N,0
NEW_LOW,CDLX,Other,4.18,3.93,6.36,36.0,0.6,2026-07-17,,,,,,,N,N,0
NEW_LOW,CDT,Other,0.31,0.3,3.33,2.1,0.0,2026-07-17,,,,,,,N,N,0
NEW_LOW,CENN,Other,3.42,3.12,9.62,43.5,0.4,2026-07-17,,,,,,,N,N,0
NEW_LOW,CHAI,Other,0.42,0.42,0.0,20.4,0.3,2026-07-17,,,,,,,N,N,0
NEW_LOW,CIIT,Other,0.29,0.26,11.54,10.6,0.0,2026-07-16,,,,,,,N,N,0
NEW_LOW,CISS,Other,1.71,1.5,14.0,51.6,0.2,2026-07-15,,,,,,,N,N,0
NEW_LOW,CMCT,Other,2.66,2.29,16.16,27.1,0.3,2026-07-15,,,,,,,N,N,0
NEW_LOW,CMND,Other,1.94,1.74,11.49,30.0,0.2,2026-07-16,,,,,,,N,N,0
NEW_LOW,CMTL,Other,1.62,1.59,1.89,24.1,0.5,2026-07-17,,,,,,,N,N,0
NEW_LOW,CNTY,Other,1.18,1.14,3.51,28.6,1.0,2026-07-17,,,,,,,N,N,0
NEW_LOW,COOT,Other,0.43,0.4,7.5,15.7,3.1,2026-07-17,,,,,,,N,N,0
NEW_LOW,CRDF,Other,0.88,0.83,6.02,28.2,1.1,2026-07-15,,,,,,,N,N,0
NEW_LOW,CREG,Other,1.43,1.36,5.15,25.5,0.6,2026-07-17,,,,,,,N,N,0
NEW_LOW,CTSO,Other,0.36,0.35,2.86,49.5,0.6,2026-07-17,,,,,,,N,N,0
NEW_LOW,CURX,Other,0.21,0.2,5.0,25.0,0.2,2026-07-15,,,,,,,N,N,0
NEW_LOW,CVKD,Other,2.16,2.13,1.41,31.4,0.5,2026-07-17,,,,,,,N,N,0
NEW_LOW,CXAI,Other,0.13,0.12,8.33,17.9,1.0,2026-07-17,,,,,,,N,N,0
NEW_LOW,CYCU,Other,0.32,0.29,10.34,16.9,3.9,2026-07-17,,,,,,,N,N,0
NEW_LOW,DAIC,Other,1.25,1.22,2.46,36.2,0.2,2026-07-17,,,,,,,N,N,0
NEW_LOW,DCX,Other,0.84,0.81,3.7,36.9,0.0,2026-07-17,,,,,,,N,N,0
NEW_LOW,DEFT,Other,0.43,0.41,4.88,36.6,0.7,2026-07-17,,,,,,,N,N,0
NEW_LOW,DFLI,Other,1.46,1.45,0.69,25.3,1.2,2026-07-17,,,,,,,N,N,0
NEW_LOW,DFNS,Other,0.04,0.04,0.0,7.3,5.1,2026-07-17,,,,,,,N,N,0
NEW_LOW,DUO,Other,0.55,0.55,0.0,31.7,0.6,2026-07-17,,,,,,,N,N,0
NEW_LOW,EH,Other,5.12,5.05,1.39,32.3,0.8,2026-07-17,,,,,,,N,N,0
NEW_LOW,ELOG,Other,0.8,0.8,0.0,36.9,0.2,2026-07-17,,,,,,,N,N,0
NEW_LOW,ELPW,Other,0.28,0.22,27.27,23.0,0.2,2026-07-16,,,,,,,N,N,0
NEW_LOW,EMAT,Other,4.99,4.89,2.04,11.5,1.4,2026-07-17,,,,,,,N,N,0
NEW_LOW,ENLV,Other,4.68,4.32,8.33,7.4,1.9,2026-07-17,,,,,,,N,N,0
NEW_LOW,ENVX,Other,4.72,4.55,3.74,31.0,1.0,2026-07-17,,,,,,,N,N,0
NEW_LOW,EOSE,Other,4.13,3.73,10.72,17.5,1.1,2026-07-17,,,,,,,N,N,0
NEW_LOW,EPOW,Other,0.49,0.47,4.26,29.0,0.1,2026-07-17,,,,,,,N,N,0
NEW_LOW,ESLA,Other,0.84,0.73,15.07,38.6,4.8,2026-07-16,,,,,,,N,N,0
NEW_LOW,EU,Other,1.15,1.15,0.0,32.1,0.8,2026-07-17,,,,,,,N,N,0
NEW_LOW,EXOZ,Other,6.02,5.25,14.67,27.2,0.5,2026-07-17,,,,,,,N,N,0
NEW_LOW,EZGO,Other,1.11,1.09,1.83,24.4,0.2,2026-07-17,,,,,,,N,N,0
NEW_LOW,EZRA,Other,2.28,2.03,12.32,4.4,0.8,2026-07-17,,,,,,,N,N,0
NEW_LOW,FAC,Other,5.67,4.24,33.73,20.6,0.8,2026-07-13,,,,,,,N,N,0
NEW_LOW,FAMI,Other,0.19,0.18,5.56,2.8,0.4,2026-07-17,,,,,,,N,N,0
NEW_LOW,FEAM,Other,1.11,1.09,1.83,28.8,1.3,2026-07-17,,,,,,,N,N,0
NEW_LOW,FEED,Other,0.42,0.4,5.0,30.9,0.6,2026-07-17,,,,,,,N,N,0
NEW_LOW,FEMY,Other,3.01,2.89,4.15,35.5,1.1,2026-07-17,,,,,,,N,N,0
NEW_LOW,FFAI,Other,0.13,0.12,8.33,24.0,3.5,2026-07-16,,,,,,,N,N,0
NEW_LOW,FGL,Other,1.02,0.8,27.5,30.3,1.5,2026-07-17,,,,,,,N,N,0
NEW_LOW,FGMC,Other,8.3,8.0,3.75,20.1,7.9,2026-07-17,,,,,,,N,N,0
NEW_LOW,FGMCU,Other,8.97,8.97,0.0,9.4,0.4,2026-07-17,,,,,,,N,N,0
NEW_LOW,FKWL,Other,2.37,2.28,3.95,25.5,0.1,2026-07-13,,,,,,,N,N,0
NEW_LOW,FLD,Other,0.38,0.35,8.57,33.3,0.5,2026-07-17,,,,,,,N,N,0
NEW_LOW,FLNA,Other,1.06,1.05,0.95,36.0,0.4,2026-07-17,,,,,,,N,N,0
NEW_LOW,FLUX,Other,0.66,0.66,0.0,40.7,0.6,2026-07-16,,,,,,,N,N,0
NEW_LOW,FVNNU,Other,10.2,9.11,11.96,13.4,1.9,2026-07-16,,,,,,,N,N,0
NEW_LOW,GAMB,Other,1.8,1.73,4.05,31.9,0.5,2026-07-16,,,,,,,N,N,0
NEW_LOW,GCL,Other,0.41,0.38,7.89,48.6,0.5,2026-07-13,,,,,,,N,N,0
NEW_LOW,GDC,Other,1.63,1.39,17.27,25.3,0.1,2026-07-14,,,,,,,N,N,0
NEW_LOW,GIPR,Other,1.12,1.0,12.0,27.3,10.4,2026-07-17,,,,,,,N,N,0
NEW_LOW,GMEX,Other,1.48,1.39,6.47,16.4,0.1,2026-07-17,,,,,,,N,N,0
NEW_LOW,GOSS,Other,0.17,0.11,54.55,54.7,0.6,2026-07-14,,,,,,,N,N,0
NEW_LOW,GOVX,Other,0.97,0.82,18.29,25.8,0.9,2026-07-16,,,,,,,N,N,0
NEW_LOW,GRI,Other,1.5,1.47,2.04,28.9,0.6,2026-07-17,,,,,,,N,N,0
NEW_LOW,GRML,Other,0.21,0.16,31.25,37.8,7.4,2026-07-16,,,,,,,N,N,0
NEW_LOW,GRNQ,Other,1.25,1.21,3.31,15.6,0.2,2026-07-17,,,,,,,N,N,0
NEW_LOW,GWAV,Other,2.9,2.81,3.2,33.7,0.4,2026-07-13,,,,,,,N,N,0
NEW_LOW,GYRO,Other,5.8,5.8,0.0,18.9,0.0,2026-07-17,,,,,,,N,N,0
NEW_LOW,HAO,Other,0.22,0.2,10.0,12.0,0.2,2026-07-17,,,,,,,N,N,0
NEW_LOW,HITI,Other,2.24,2.09,7.18,50.0,1.5,2026-07-17,,,,,,,N,N,0
NEW_LOW,HKIT,Other,3.36,3.25,3.38,18.0,0.2,2026-07-17,,,,,,,N,N,0
NEW_LOW,HODO,Other,1.15,0.85,35.29,6.7,0.4,2026-07-16,,,,,,,N,N,0
NEW_LOW,HOLO,Other,1.49,1.43,4.2,48.1,0.4,2026-07-13,,,,,,,N,N,0
NEW_LOW,HPAI,Other,0.54,0.46,17.39,45.1,15.7,2026-07-16,,,,,,,N,N,0
NEW_LOW,HTCR,Other,2.51,2.5,0.4,25.8,0.5,2026-07-17,,,,,,,N,N,0
NEW_LOW,HTZ,Other,1.8,1.75,2.86,21.6,0.6,2026-07-14,,,,,,,N,N,0
NEW_LOW,HUBC,Other,1.2,1.13,6.19,36.9,0.3,2026-07-17,,,,,,,N,N,0
NEW_LOW,HUDI,Other,0.78,0.73,6.85,38.5,0.9,2026-07-17,,,,,,,N,N,0
NEW_LOW,HUHU,Other,4.96,4.21,17.81,17.1,0.9,2026-07-16,,,,,,,N,N,0
NEW_LOW,HYFM,Other,0.68,0.64,6.25,39.2,0.8,2026-07-17,,,,,,,N,N,0
NEW_LOW,ICMB,Other,0.85,0.73,16.44,26.6,0.2,2026-07-14,,,,,,,N,N,0
NEW_LOW,IDN,Other,3.73,3.66,1.91,19.0,0.7,2026-07-17,,,,,,,N,N,0
NEW_LOW,IMSR,Other,4.62,4.38,5.48,19.4,1.0,2026-07-17,,,,,,,N,N,0
NEW_LOW,INLF,Other,2.58,2.41,7.05,31.5,0.1,2026-07-17,,,,,,,N,N,0
NEW_LOW,INTJ,Other,3.17,3.01,5.32,37.1,0.1,2026-07-17,,,,,,,N,N,0
NEW_LOW,IPDN,Other,0.42,0.38,10.53,14.7,0.3,2026-07-15,,,,,,,N,N,0
NEW_LOW,IPW,Other,0.95,0.85,11.76,13.4,0.2,2026-07-17,,,,,,,N,N,0
NEW_LOW,IQST,Other,1.24,0.87,42.53,41.9,0.4,2026-07-15,,,,,,,N,N,0
NEW_LOW,ISPC,Other,2.1,2.06,1.94,31.8,0.5,2026-07-17,,,,,,,N,N,0
NEW_LOW,IVF,Other,1.04,1.03,0.97,0.0,0.0,2026-07-17,,,,,,,N,N,0
NEW_LOW,JAGX,Other,1.3,1.02,27.45,4.3,3.6,2026-07-17,,,,,,,N,N,0
NEW_LOW,JEM,Other,4.82,0.5,864.0,37.6,0.1,2026-07-10,,,,,,,N,N,0
NEW_LOW,JTAI,Other,2.16,0.33,554.55,67.7,0.4,2026-07-14,,,,,,,N,N,0
NEW_LOW,JUNS,Other,0.17,0.16,6.25,12.1,0.1,2026-07-17,,,,,,,N,N,0
NEW_LOW,KALA,Other,0.78,0.76,2.63,5.9,0.8,2026-07-17,,,,,,,N,N,0
NEW_LOW,KBSX,Other,0.86,0.81,6.17,39.5,0.4,2026-07-14,,,,,,,N,N,0
NEW_LOW,KDK,Other,4.28,4.12,3.88,31.4,0.6,2026-07-17,,,,,,,N,N,0
NEW_LOW,KIDZ,Other,0.41,0.4,2.5,36.7,0.0,2026-07-17,,,,,,,N,N,0
NEW_LOW,KITT,Other,0.79,0.76,3.95,21.3,1.0,2026-07-16,,,,,,,N,N,0
NEW_LOW,KSCP,Other,1.47,1.38,6.52,16.5,0.7,2026-07-17,,,,,,,N,N,0
NEW_LOW,KTOS,Other,46.03,45.58,0.99,47.6,1.0,2026-07-17,,,,,,,N,N,0
NEW_LOW,KWM,Other,0.12,0.11,9.09,22.2,0.2,2026-07-17,,,,,,,N,N,0
NEW_LOW,LCID,Other,7.36,2.37,210.55,60.7,1.8,2026-07-14,,,,,,,N,N,0
NEW_LOW,LENZ,Other,5.18,4.68,10.68,38.7,1.0,2026-07-16,,,,,,,N,N,0
NEW_LOW,LGO,Other,0.62,0.61,1.64,48.0,0.1,2026-07-17,,,,,,,N,N,0
NEW_LOW,LIMN,Other,0.12,0.09,33.33,55.9,0.4,2026-07-14,,,,,,,N,N,0
NEW_LOW,LIQT,Other,0.69,0.66,4.55,32.7,0.3,2026-07-13,,,,,,,N,N,0
NEW_LOW,LOPE,Other,140.44,138.34,1.52,43.4,0.8,2026-07-15,,,,,,,N,N,0
NEW_LOW,LPSN,Other,1.68,1.67,0.6,31.0,0.6,2026-07-17,,,,,,,N,N,0
NEW_LOW,LSH,Other,0.36,0.33,9.09,24.3,0.1,2026-07-17,,,,,,,N,N,0
NEW_LOW,LTBR,Other,7.28,6.92,5.2,32.2,0.8,2026-07-17,,,,,,,N,N,0
NEW_LOW,MCRB,Other,5.33,5.04,5.75,32.0,0.4,2026-07-14,,,,,,,N,N,0
NEW_LOW,MERC,Other,0.66,0.53,24.53,48.3,0.4,2026-07-15,,,,,,,N,N,0
NEW_LOW,METCB,Other,8.0,7.42,7.82,36.0,0.9,2026-07-15,,,,,,,N,N,0
NEW_LOW,MGN,Other,0.1,0.1,0.0,15.1,0.0,2026-07-16,,,,,,,N,N,0
NEW_LOW,MODD,Other,2.98,2.81,6.05,17.8,0.7,2026-07-17,,,,,,,N,N,0
NEW_LOW,MRLN,Other,3.59,3.5,2.57,29.7,0.6,2026-07-17,,,,,,,N,N,0
NEW_LOW,MSS,Other,0.56,0.55,1.82,32.3,0.0,2026-07-16,,,,,,,N,N,0
NEW_LOW,MVST,Other,0.9,0.88,2.27,31.0,1.0,2026-07-17,,,,,,,N,N,0
NEW_LOW,MYSZ,Other,0.38,0.37,2.7,35.0,2.3,2026-07-17,,,,,,,N,N,0
NEW_LOW,NAII,Other,2.22,2.14,3.74,18.5,0.3,2026-07-13,,,,,,,N,N,0
NEW_LOW,NAKA,Other,4.06,3.33,21.92,53.3,0.8,2026-07-13,,,,,,,N,N,0
NEW_LOW,NCRA,Other,1.39,1.34,3.73,19.1,0.1,2026-07-17,,,,,,,N,N,0
NEW_LOW,NCTY,Other,3.89,3.51,10.83,15.0,1.9,2026-07-17,,,,,,,N,N,0
NEW_LOW,NEGG,Other,12.99,12.81,1.41,22.1,0.9,2026-07-17,,,,,,,N,N,0
NEW_LOW,NEXM,Other,2.2,2.16,1.85,45.1,1.5,2026-07-17,,,,,,,N,N,0
NEW_LOW,NEXR,Other,0.47,0.41,14.63,12.4,0.0,2026-07-16,,,,,,,N,N,0
NEW_LOW,NGEN,Other,1.67,1.59,5.03,38.4,0.9,2026-07-17,,,,,,,N,N,0
NEW_LOW,NMTC,Other,2.34,2.26,3.54,18.7,0.9,2026-07-17,,,,,,,N,N,0
NEW_LOW,NNE,Other,16.03,15.44,3.82,26.4,0.8,2026-07-17,,,,,,,N,N,0
NEW_LOW,NTHI,Other,3.46,3.01,14.95,23.6,0.8,2026-07-16,,,,,,,N,N,0
NEW_LOW,NTRP,Other,1.94,1.61,20.5,42.5,1.0,2026-07-16,,,,,,,N,N,0
NEW_LOW,NUWE,Other,2.85,2.73,4.4,39.3,0.2,2026-07-14,,,,,,,N,N,0
NEW_LOW,NVX,Other,0.41,0.4,2.5,38.5,0.4,2026-07-17,,,,,,,N,N,0
NEW_LOW,NXGL,Other,0.47,0.42,11.9,41.6,0.4,2026-07-16,,,,,,,N,N,0
NEW_LOW,NXTS,Other,2.29,2.22,3.15,8.8,0.0,2026-07-17,,,,,,,N,N,0
NEW_LOW,NXXT,Other,0.28,0.2,40.0,38.1,7.4,2026-07-17,,,,,,,N,N,0
NEW_LOW,OFAL,Other,0.12,0.1,20.0,16.2,0.8,2026-07-17,,,,,,,N,N,0
NEW_LOW,OGI,Other,0.9,0.85,5.88,22.2,1.2,2026-07-16,,,,,,,N,N,0
NEW_LOW,OKYO,Other,1.43,1.34,6.72,42.9,0.2,2026-07-16,,,,,,,N,N,0
NEW_LOW,OMH,Other,0.25,0.23,8.7,15.2,0.6,2026-07-16,,,,,,,N,N,0
NEW_LOW,ONCO,Other,0.76,0.75,1.33,38.5,0.1,2026-07-16,,,,,,,N,N,0
NEW_LOW,ONFO,Other,0.14,0.12,16.67,33.3,4.8,2026-07-17,,,,,,,N,N,0
NEW_LOW,ORBS,Other,0.58,0.57,1.75,29.1,1.6,2026-07-17,,,,,,,N,N,0
NEW_LOW,ORIO,Other,0.69,0.68,1.47,25.3,1.2,2026-07-17,,,,,,,N,N,0
NEW_LOW,PATK,Other,88.09,81.29,8.37,35.5,0.7,2026-07-14,,,,,,,N,N,0
NEW_LOW,PAVS,Other,4.17,4.04,3.22,22.7,0.1,2026-07-17,,,,,,,N,N,0
NEW_LOW,PCSC,Other,11.9,9.95,19.6,65.9,0.2,2026-07-13,,,,,,,N,N,0
NEW_LOW,PFSA,Other,1.73,1.69,2.37,33.4,0.2,2026-07-17,,,,,,,N,N,0
NEW_LOW,PLAY,Other,10.19,9.4,8.4,35.4,0.6,2026-07-14,,,,,,,N,N,0
NEW_LOW,PLBY,Other,1.17,1.08,8.33,32.0,0.5,2026-07-16,,,,,,,N,N,0
NEW_LOW,PLRX,Other,1.15,1.08,6.48,51.4,0.6,2026-07-14,,,,,,,N,N,0
NEW_LOW,PLUR,Other,1.86,1.56,19.23,41.9,0.8,2026-07-14,,,,,,,N,N,0
NEW_LOW,PMCB,Other,0.63,0.63,0.0,29.6,1.2,2026-07-17,,,,,,,N,N,0
NEW_LOW,PRCT,Other,19.22,17.96,7.02,30.6,1.3,2026-07-15,,,,,,,N,N,0
NEW_LOW,PRFX,Other,1.19,1.16,2.59,29.5,0.1,2026-07-17,,,,,,,N,N,0
NEW_LOW,PRPL,Other,0.29,0.28,3.57,17.0,1.6,2026-07-17,,,,,,,N,N,0
NEW_LOW,PRSO,Other,0.76,0.73,4.11,48.1,0.5,2026-07-17,,,,,,,N,N,0
NEW_LOW,PSIX,Other,30.25,29.56,2.33,25.7,1.1,2026-07-17,,,,,,,N,N,0
NEW_LOW,QS,Other,5.86,5.64,3.9,31.2,0.8,2026-07-17,,,,,,,N,N,0
NEW_LOW,QTI,Other,3.28,3.26,0.61,7.5,1.8,2026-07-17,,,,,,,N,N,0
NEW_LOW,RAYA,Other,2.62,2.49,5.22,43.7,0.2,2026-07-17,,,,,,,N,N,0
NEW_LOW,RBNE,Other,4.4,3.6,22.22,21.3,1.1,2026-07-16,,,,,,,N,N,0
NEW_LOW,REFR,Other,0.55,0.48,14.58,65.2,1.8,2026-07-17,,,,,,,N,N,0
NEW_LOW,REKR,Other,0.57,0.55,3.64,44.4,1.4,2026-07-17,,,,,,,N,N,0
NEW_LOW,RGC,Other,5.02,4.51,11.31,41.7,0.3,2026-07-17,,,,,,,N,N,0
NEW_LOW,RITR,Other,0.19,0.19,0.0,0.9,0.6,2026-07-17,,,,,,,N,N,0
NEW_LOW,RKDA,Other,0.67,0.59,13.56,47.3,0.1,2026-07-15,,,,,,,N,N,0
NEW_LOW,RNTX,Other,0.86,0.85,1.18,38.7,0.3,2026-07-17,,,,,,,N,N,0
NEW_LOW,RPGL,Other,1.75,1.63,7.36,43.9,0.0,2026-07-17,,,,,,,N,N,0
NEW_LOW,RR,Other,1.6,1.53,4.58,33.7,0.7,2026-07-17,,,,,,,N,N,0
NEW_LOW,RUBI,Other,2.62,2.45,6.94,8.1,0.8,2026-07-17,,,,,,,N,N,0
NEW_LOW,SAMG,Other,9.95,9.94,0.1,29.1,0.7,2026-07-17,,,,,,,N,N,0
NEW_LOW,SBFM,Other,1.8,1.8,0.0,26.3,0.4,2026-07-17,,,,,,,N,N,0
NEW_LOW,SCKT,Other,0.51,0.49,4.08,34.4,0.0,2026-07-15,,,,,,,N,N,0
NEW_LOW,SERV,Other,5.09,5.02,1.39,33.0,0.8,2026-07-17,,,,,,,N,N,0
NEW_LOW,SGLY,Other,0.26,0.18,44.44,35.7,0.0,2026-07-14,,,,,,,N,N,0
NEW_LOW,SGRP,Other,0.59,0.5,18.0,22.0,4.1,2026-07-17,,,,,,,N,N,0
NEW_LOW,SHOE,Other,14.49,14.18,2.19,37.7,1.5,2026-07-14,,,,,,,N,N,0
NEW_LOW,SHPH,Other,3.16,2.71,16.61,40.7,0.0,2026-07-13,,,,,,,N,N,0
NEW_LOW,SIGA,Other,3.44,3.41,0.88,33.8,0.5,2026-07-15,,,,,,,N,N,0
NEW_LOW,SINT,Other,1.59,1.52,4.61,20.0,0.2,2026-07-17,,,,,,,N,N,0
NEW_LOW,SLDP,Other,2.31,2.21,4.52,34.8,0.6,2026-07-13,,,,,,,N,N,0
NEW_LOW,SLE,Other,2.99,2.65,12.83,46.7,1.5,2026-07-13,,,,,,,N,N,0
NEW_LOW,SLSN,Other,0.78,0.61,27.87,45.1,0.1,2026-07-14,,,,,,,N,N,0
NEW_LOW,SNDL,Other,1.28,1.26,1.59,25.0,0.5,2026-07-16,,,,,,,N,N,0
NEW_LOW,SNES,Other,1.42,1.36,4.41,34.6,1.1,2026-07-14,,,,,,,N,N,0
NEW_LOW,SNTI,Other,0.44,0.42,4.76,12.4,1.1,2026-07-17,,,,,,,N,N,0
NEW_LOW,SNWV,Other,6.39,6.11,4.58,41.0,0.7,2026-07-16,,,,,,,N,N,0
NEW_LOW,SNYR,Other,0.19,0.18,5.56,35.4,0.4,2026-07-17,,,,,,,N,N,0
NEW_LOW,SORA,Other,1.73,1.25,38.4,37.1,2.7,2026-07-14,,,,,,,N,N,0
NEW_LOW,SPRO,Other,1.58,1.5,5.33,12.2,0.7,2026-07-17,,,,,,,N,N,0
NEW_LOW,SUGP,Other,0.51,0.5,2.0,13.6,0.1,2026-07-17,,,,,,,N,N,0
NEW_LOW,SUIG,Other,1.13,1.06,6.6,49.2,1.2,2026-07-17,,,,,,,N,N,0
NEW_LOW,SURG,Other,0.31,0.29,6.9,44.9,0.0,2026-07-17,,,,,,,N,N,0
NEW_LOW,SYPR,Other,1.82,1.79,1.68,17.2,0.8,2026-07-17,,,,,,,N,N,0
NEW_LOW,TAOX,Other,3.46,3.22,7.45,46.4,1.0,2026-07-17,,,,,,,N,N,0
NEW_LOW,THH,Other,0.24,0.22,9.09,19.3,0.1,2026-07-14,,,,,,,N,N,0
NEW_LOW,TMC,Other,3.74,3.57,4.76,34.9,0.7,2026-07-17,,,,,,,N,N,0
NEW_LOW,TMS,Other,6.12,5.88,4.08,21.5,1.7,2026-07-17,,,,,,,N,N,0
NEW_LOW,TNMG,Other,0.34,0.34,0.0,44.3,0.0,2026-07-17,,,,,,,N,N,0
NEW_LOW,TNON,Other,0.2,0.19,5.26,1.3,0.0,2026-07-15,,,,,,,N,N,0
NEW_LOW,TPST,Other,0.97,0.93,4.3,34.8,1.0,2026-07-17,,,,,,,N,N,0
NEW_LOW,TRAW,Other,0.67,0.64,4.69,34.0,0.2,2026-07-17,,,,,,,N,N,0
NEW_LOW,TRUG,Other,1.19,1.1,8.18,41.5,15.6,2026-07-17,,,,,,,N,N,0
NEW_LOW,TVGN,Other,4.21,4.01,4.99,16.1,0.4,2026-07-16,,,,,,,N,N,0
NEW_LOW,UONEK,Other,4.11,3.58,14.8,35.0,0.1,2026-07-14,,,,,,,N,N,0
NEW_LOW,VEEA,Other,0.19,0.17,11.76,31.5,0.2,2026-07-17,,,,,,,N,N,0
NEW_LOW,VERI,Other,1.02,0.99,3.03,27.0,0.5,2026-07-17,,,,,,,N,N,0
NEW_LOW,VIVK,Other,0.22,0.21,4.76,20.3,0.4,2026-07-15,,,,,,,N,N,0
NEW_LOW,VIVS,Other,0.58,0.52,11.54,22.9,0.6,2026-07-17,,,,,,,N,N,0
NEW_LOW,VMAR,Other,0.93,0.81,14.81,14.3,1.1,2026-07-17,,,,,,,N,N,0
NEW_LOW,VRM,Other,7.13,6.9,3.33,32.0,0.0,2026-07-14,,,,,,,N,N,0
NEW_LOW,VSEE,Other,0.1,0.09,11.11,40.0,0.5,2026-07-17,,,,,,,N,N,0
NEW_LOW,VSTD,Other,0.19,0.19,0.0,46.3,0.4,2026-07-17,,,,,,,N,N,0
NEW_LOW,VTSI,Other,3.1,2.94,5.44,35.6,0.7,2026-07-16,,,,,,,N,N,0
NEW_LOW,WGRX,Other,2.65,2.48,6.85,36.3,0.6,2026-07-16,,,,,,,N,N,0
NEW_LOW,WIMI,Other,1.22,1.22,0.0,25.5,1.2,2026-07-17,,,,,,,N,N,0
NEW_LOW,WLDS,Other,1.33,1.3,2.31,21.1,0.3,2026-07-17,,,,,,,N,N,0
NEW_LOW,WSHP,Other,4.84,4.57,5.91,29.6,0.1,2026-07-17,,,,,,,N,N,0
NEW_LOW,XCUR,Other,1.68,1.43,17.48,26.6,0.2,2026-07-16,,,,,,,N,N,0
NEW_LOW,XPON,Other,0.31,0.31,0.0,22.0,1.4,2026-07-17,,,,,,,N,N,0
NEW_LOW,YAAS,Other,0.75,0.65,15.38,46.4,0.2,2026-07-14,,,,,,,N,N,0
NEW_LOW,YDDL,Other,1.95,1.85,5.41,37.5,0.1,2026-07-16,,,,,,,N,N,0
NEW_LOW,YSXT,Other,0.85,0.5,70.0,40.9,0.1,2026-07-13,,,,,,,N,N,0
NEW_LOW,YXT,Other,3.25,3.11,4.5,45.0,0.6,2026-07-17,,,,,,,N,N,0
NEW_LOW,YYGH,Other,1.06,1.02,3.92,35.5,0.1,2026-07-17,,,,,,,N,N,0
NEW_LOW,ZBAO,Other,0.23,0.21,9.52,28.8,0.1,2026-07-17,,,,,,,N,N,0
NEW_LOW,ZNB,Other,0.4,0.36,11.11,16.7,0.2,2026-07-17,,,,,,,N,N,0
NEW_LOW,ZSQR,Other,5.05,4.35,16.09,23.3,0.7,2026-07-15,,,,,,,N,N,0
NEW_LOW,ZSTK,Other,1.7,1.65,3.03,19.5,1.3,2026-07-17,,,,,,,N,N,0
NEW_LOW,CSGP,Real Estate,29.78,26.68,11.62,48.1,0.8,2026-07-14,,,,,,,N,N,0
