Ticker,Sector,Last Close,52W High,% From High,RSI,Vol vs Avg,Date Hit,P/E,P/B,Curr Ratio,D/E,Div Yield %,EPS TTM,Graham Def,Graham Ent,Graham Score
EA,Communication Services,205.21,206.0,-0.38,70.4,1.1,2026-07-02,58.5,7.61,1.05,0.274,37.0,3.51,N,N,3
LYV,Communication Services,186.59,187.64,-0.56,74.8,0.8,2026-07-01,,-308.92,0.89,7.383,,-1.77,N,N,1
ABNB,Consumer Discretionary,148.93,150.19,-0.84,72.8,0.9,2026-06-29,,,,,,,N,N,0
KO,Consumer Staples,84.14,84.14,0.0,60.0,0.9,2026-07-02,26.5,10.77,1.36,1.249,252.0,3.18,N,N,2
MNST,Consumer Staples,97.6,98.93,-1.34,72.5,0.9,2026-07-02,47.1,10.94,3.26,0.011,,2.07,N,N,3
MO,Consumer Staples,72.71,74.15,-1.94,59.5,0.7,2026-06-29,15.2,-37.83,0.62,,583.0,4.79,N,N,3
VLO,Energy,267.76,274.92,-2.6,58.1,0.6,2026-07-02,,,,,,,N,N,0
AFL,Financials,120.88,120.88,0.0,62.4,0.6,2026-07-02,13.8,2.06,0.94,0.483,202.0,8.75,N,N,4
AIZ,Financials,279.48,279.5,-0.01,77.9,0.6,2026-07-02,14.3,2.37,0.39,0.376,126.0,19.51,N,N,4
ALL,Financials,250.33,250.38,-0.02,83.9,0.8,2026-07-02,5.5,2.18,0.36,0.237,173.0,45.21,N,N,4
BEN,Financials,34.11,34.55,-1.27,71.9,0.9,2026-07-02,26.0,1.46,5.51,0.235,387.0,1.31,N,N,5
CB,Financials,361.17,361.33,-0.04,77.9,0.9,2026-07-02,12.8,1.9,0.39,0.315,113.0,28.28,N,N,4
CFG,Financials,70.98,72.46,-2.04,71.6,1.1,2026-07-02,16.8,1.26,,,259.0,4.22,N,N,3
CINF,Financials,192.03,192.09,-0.03,89.4,0.9,2026-07-02,11.0,1.89,1.04,0.056,196.0,17.49,N,N,4
EG,Financials,371.35,372.36,-0.27,82.4,0.8,2026-07-02,7.6,0.97,0.38,0.235,215.0,49.09,N,N,5
FITB,Financials,57.16,58.15,-1.7,70.3,0.7,2026-07-01,19.2,1.62,,,280.0,2.97,N,N,2
GL,Financials,180.49,182.32,-1.0,93.6,0.9,2026-07-01,12.5,2.31,0.66,0.536,73.0,14.46,N,N,4
L,Financials,116.52,116.58,-0.05,80.7,0.7,2026-07-02,14.8,1.28,0.5,0.456,21.0,7.87,N,N,5
MET,Financials,90.06,90.06,0.0,56.7,0.8,2026-07-02,17.4,2.13,2.09,1.78,263.0,5.17,N,N,3
MTB,Financials,238.88,243.57,-1.93,64.6,0.6,2026-07-02,13.4,1.37,,,251.0,17.82,N,N,4
PNC,Financials,249.49,254.0,-1.78,69.0,0.6,2026-07-02,14.5,1.74,,,273.0,17.21,N,N,3
TROW,Financials,118.55,118.64,-0.08,77.4,0.6,2026-07-02,,,,,,,N,N,0
TRV,Financials,342.31,342.31,0.0,88.6,0.7,2026-07-02,,,,,,,N,N,0
USB,Financials,61.73,62.38,-1.04,71.7,0.6,2026-07-02,,,,,,,N,N,0
V,Financials,362.13,362.13,0.0,86.2,1.1,2026-07-02,,,,,,,N,N,0
ABBV,Health Care,261.07,261.64,-0.22,77.1,0.8,2026-07-02,,,,,,,N,N,0
BIIB,Health Care,216.12,219.72,-1.64,66.8,1.0,2026-06-29,23.3,1.71,3.06,0.352,,9.29,N,N,3
CAH,Health Care,238.94,240.91,-0.82,77.2,0.8,2026-07-02,36.5,-19.83,0.91,,86.0,6.55,N,N,3
CNC,Health Care,67.86,69.29,-2.06,61.4,0.7,2026-07-02,,1.56,1.12,0.76,,-13.05,N,N,1
CRL,Health Care,230.69,236.62,-2.51,83.9,1.0,2026-07-01,,3.78,1.36,1.026,,-3.71,N,N,0
CVS,Health Care,104.72,106.15,-1.35,64.9,0.6,2026-06-26,45.9,1.72,0.87,1.009,254.0,2.28,N,N,2
DGX,Health Care,215.72,217.41,-0.78,67.3,0.9,2026-07-02,23.8,3.25,1.18,0.827,159.0,9.06,N,N,3
DVA,Health Care,234.91,236.51,-0.68,90.9,1.0,2026-07-02,22.6,-20.58,1.42,12.613,,10.38,N,N,2
ELV,Health Care,417.89,427.19,-2.18,60.5,0.9,2026-07-02,17.7,2.07,1.48,0.723,165.0,23.61,N,N,3
EW,Health Care,94.37,94.47,-0.11,73.8,0.7,2026-07-02,51.0,5.27,4.42,0.068,,1.85,N,N,3
HUM,Health Care,396.75,415.0,-4.4,65.0,0.9,2026-07-02,42.4,2.56,1.77,0.771,89.0,9.36,N,N,3
INCY,Health Care,116.86,118.69,-1.54,63.2,1.2,2026-07-02,16.5,4.16,3.68,0.007,,7.08,N,N,3
JNJ,Health Care,263.04,263.1,-0.02,71.0,0.9,2026-07-02,30.5,7.8,1.02,0.677,204.0,8.63,N,N,3
LLY,Health Care,1213.91,1238.0,-1.95,60.4,0.9,2026-06-29,43.1,34.77,1.5,1.39,57.0,28.16,N,N,2
MRK,Health Care,129.56,130.29,-0.56,65.7,0.6,2026-06-30,36.5,6.97,1.3,1.069,262.0,3.55,N,N,2
MRNA,Health Care,79.76,81.4,-2.01,86.0,1.5,2026-07-02,,4.27,2.41,0.175,,-8.14,N,N,2
UNH,Health Care,425.36,430.2,-1.13,64.0,0.5,2026-07-02,,,,,,,N,N,0
VRTX,Health Care,528.04,529.14,-0.21,90.0,1.0,2026-07-02,,,,,,,N,N,0
WST,Health Care,365.74,367.66,-0.52,82.7,0.7,2026-07-02,,,,,,,N,N,0
CAT,Industrials,963.53,1073.46,-10.24,57.1,0.9,2026-06-30,48.1,23.78,1.35,2.308,68.0,20.04,N,N,2
CSX,Industrials,48.89,49.21,-0.65,61.2,1.1,2026-07-02,30.0,6.69,0.97,1.431,115.0,1.63,N,N,2
DAL,Industrials,92.75,95.68,-3.06,83.3,0.7,2026-07-02,13.5,2.97,0.42,1.05,84.0,6.85,N,N,3
GD,Industrials,373.54,373.6,-0.02,61.5,0.9,2026-07-02,23.5,3.87,1.38,0.377,170.0,15.88,N,N,3
GE,Industrials,377.52,382.97,-1.42,91.0,0.6,2026-07-02,47.0,21.81,1.01,1.165,50.0,8.04,N,N,2
HON,Industrials,229.86,252.0,-8.79,61.5,0.9,2026-06-29,18.3,5.36,1.39,2.574,414.0,12.53,N,N,2
JBHT,Industrials,285.83,294.98,-3.1,47.2,0.8,2026-07-01,44.5,7.5,1.26,0.436,63.0,6.43,N,N,3
JCI,Industrials,140.76,151.18,-6.89,46.5,1.1,2026-07-01,43.0,6.35,1.04,0.703,114.0,3.27,N,N,3
MAS,Industrials,82.77,83.21,-0.53,78.7,0.7,2026-07-02,20.5,-68.97,1.75,122.296,155.0,4.04,N,N,3
ROK,Industrials,471.7,497.36,-5.16,55.7,0.9,2026-06-30,,,,,,,N,N,0
SNA,Industrials,412.09,412.33,-0.06,71.8,1.1,2026-07-02,,,,,,,N,N,0
SWK,Industrials,91.9,95.16,-3.43,67.2,0.7,2026-07-01,,,,,,,N,N,0
UAL,Industrials,133.32,138.77,-3.93,78.6,0.8,2026-06-30,,,,,,,N,N,0
UNP,Industrials,282.25,282.8,-0.19,64.0,0.8,2026-07-02,,,,,,,N,N,0
AMAT,Information Technology,603.04,739.67,-18.47,54.9,1.1,2026-06-30,56.8,20.03,2.51,0.304,35.0,10.61,N,N,4
AMD,Information Technology,517.82,584.73,-11.44,54.6,0.9,2026-06-30,172.6,13.09,2.73,0.06,,3.0,N,N,3
APH,Information Technology,164.59,178.52,-7.8,61.7,0.9,2026-06-30,47.4,14.48,1.71,1.331,61.0,3.47,N,N,2
CRWD,Information Technology,193.98,199.53,-2.78,75.8,0.8,2026-07-02,,42.62,1.53,0.176,,-0.04,N,N,1
FFIV,Information Technology,408.14,427.54,-4.54,58.6,0.9,2026-06-30,33.6,6.35,1.61,0.071,,12.16,N,N,2
FTNT,Information Technology,156.25,159.8,-2.22,65.4,0.7,2026-07-01,60.6,115.91,1.15,0.573,,2.58,N,N,2
GLW,Information Technology,196.79,271.78,-27.59,54.9,1.2,2026-06-30,94.2,15.11,1.61,0.804,57.0,2.09,N,N,3
INTC,Information Technology,120.35,142.35,-15.45,51.9,0.9,2026-06-30,,5.43,2.31,0.36,,-0.6,N,N,2
KLAC,Information Technology,235.55,307.37,-23.37,48.8,1.4,2026-06-30,66.7,52.8,3.03,1.054,39.0,3.53,N,N,3
LRCX,Information Technology,351.41,438.5,-19.86,48.3,1.3,2026-06-30,66.2,41.52,2.54,0.353,30.0,5.31,N,N,4
PANW,Information Technology,348.06,358.1,-2.8,84.3,1.0,2026-07-01,302.7,10.23,0.86,0.077,,1.15,N,N,2
TER,Information Technology,369.09,487.91,-24.35,48.5,1.0,2026-06-30,,,,,,,N,N,0
APD,Materials,314.19,314.28,-0.03,76.4,1.1,2026-07-02,33.1,4.47,1.43,1.016,230.0,9.49,N,N,2
CTVA,Materials,85.8,85.95,-0.17,88.8,0.7,2026-07-01,46.4,2.36,1.47,0.136,84.0,1.85,N,N,3
IFF,Materials,83.83,83.83,0.0,70.0,1.1,2026-07-02,26.0,1.52,1.49,0.457,191.0,3.23,N,N,3
LIN,Materials,546.64,547.22,-0.11,68.3,0.9,2026-07-02,36.2,6.56,0.83,0.656,117.0,15.09,N,N,3
AAL,Other,17.92,18.79,-4.63,87.9,0.9,2026-07-02,,,,,,,N,N,0
ABCL,Other,8.11,8.42,-3.68,81.6,1.1,2026-06-29,,,,,,,N,N,0
ABSI,Other,11.62,12.06,-3.65,79.7,0.6,2026-06-29,,,,,,,N,N,0
ACHC,Other,31.91,32.82,-2.77,79.4,1.3,2026-07-02,,,,,,,N,N,0
ACHV,Other,6.4,7.11,-9.99,65.6,0.6,2026-07-01,,,,,,,N,N,0
ACIW,Other,54.88,54.95,-0.13,81.7,1.1,2026-07-02,,,,,,,N,N,0
ACMR,Other,97.77,127.19,-23.13,53.1,1.5,2026-06-30,,,,,,,N,N,0
ACNB,Other,60.25,61.73,-2.4,64.1,0.9,2026-07-02,,,,,,,N,N,0
ACRS,Other,5.56,5.69,-2.28,87.4,1.0,2026-07-01,,,,,,,N,N,0
ACT,Other,45.34,46.0,-1.43,79.2,0.7,2026-06-30,,,,,,,N,N,0
ADAG,Other,4.47,4.85,-7.84,69.3,0.3,2026-07-01,,,,,,,N,N,0
ADPT,Other,21.19,22.8,-7.06,63.2,0.8,2026-07-02,,,,,,,N,N,0
AFBI,Other,22.58,22.6,-0.09,61.7,2.7,2026-07-02,,,,,,,N,N,0
AIP,Other,35.06,50.26,-30.24,46.9,1.5,2026-06-30,,626.07,0.73,2.601,,-0.79,N,N,0
AIRT,Other,28.87,28.87,0.0,72.8,2.6,2026-07-02,0.9,0.98,1.68,2.463,,30.79,N,N,3
ALAB,Other,406.42,499.48,-18.63,55.6,1.1,2026-06-30,278.4,46.6,11.3,0.028,,1.46,N,N,3
ALDF,Other,10.72,10.72,0.0,64.3,0.0,2026-07-02,51.0,765.71,16.12,,,0.21,N,N,2
ALF,Other,10.89,10.99,-0.91,68.1,0.0,2026-06-29,34.0,-5.68,0.35,,,0.32,N,N,2
ALGM,Other,55.49,71.77,-22.68,56.7,1.3,2026-06-30,,10.77,3.45,0.32,,-0.08,N,N,2
ALGT,Other,118.67,123.63,-4.01,93.5,0.9,2026-07-02,,1.98,0.91,1.691,,-1.92,N,N,0
ALHC,Other,23.8,24.3,-2.06,79.2,0.9,2026-07-02,238.0,23.78,1.58,1.595,,0.1,N,N,1
ALIS,Other,10.18,10.25,-0.68,66.7,3.2,2026-07-02,509.0,10180.0,6.91,,,0.02,N,N,2
ALKS,Other,54.58,55.28,-1.27,76.5,0.6,2026-06-26,60.6,5.19,2.27,0.903,,0.9,N,N,3
ALRS,Other,31.11,31.86,-2.35,69.0,0.8,2026-07-01,29.6,1.36,,,273.0,1.05,N,N,3
ALTO,Other,5.56,6.11,-9.0,48.5,0.9,2026-07-01,15.0,1.73,3.81,0.365,,0.37,N,N,4
AMAL,Other,46.04,47.89,-3.86,60.1,0.7,2026-07-01,13.4,1.7,,,135.0,3.44,N,N,3
AMLX,Other,18.27,19.15,-4.6,85.5,0.7,2026-06-30,,7.43,17.85,0.021,,-1.48,N,N,2
AMRX,Other,17.15,17.86,-3.98,67.7,0.6,2026-06-26,46.4,-120.77,2.47,67.508,,0.37,N,N,3
AOUT,Other,13.37,13.78,-2.98,67.8,0.8,2026-06-29,,1.0,5.44,0.195,,-0.73,N,N,3
APAC,Other,10.12,10.18,-0.59,53.3,0.3,2026-06-30,112.4,194.62,9.27,0.0,,0.09,N,N,3
APGE,Other,132.91,133.85,-0.7,91.3,0.5,2026-07-02,,7.88,32.59,0.006,,-4.33,N,N,2
APOG,Other,40.57,50.88,-20.26,51.8,0.8,2026-06-26,12.7,1.67,1.76,0.563,266.0,3.19,N,N,4
APPS,Other,12.71,13.6,-6.54,68.4,0.9,2026-07-02,,7.96,1.16,1.92,,-0.33,N,N,0
APXT,Other,10.08,10.1,-0.2,68.2,0.1,2026-07-01,,-35.37,12.85,,,,N,N,2
AROW,Other,41.29,42.44,-2.71,69.4,0.8,2026-07-02,13.4,1.55,,,291.0,3.09,N,N,3
ARTNA,Other,34.39,34.82,-1.23,73.9,1.0,2026-07-02,15.4,1.4,1.01,0.737,364.0,2.24,N,N,4
ASML,Other,1769.32,1999.96,-11.53,43.4,1.1,2026-06-30,60.2,1601.9,1.36,0.13,50.0,29.37,N,N,3
ASND,Other,274.5,274.89,-0.14,93.2,0.6,2026-07-02,31.8,30.59,1.0,1.838,,8.62,N,N,1
ASTH,Other,49.17,51.6,-4.71,83.3,1.3,2026-07-02,80.6,3.01,1.35,1.845,,0.61,N,N,1
ATEX,Other,105.14,111.9,-6.04,73.0,1.0,2026-07-02,21.8,7.58,3.33,0.017,,4.83,N,N,3
ATLC,Other,96.4,112.61,-14.39,56.8,1.1,2026-06-26,11.5,2.24,14.67,9.29,,8.4,N,N,3
AUBN,Other,27.63,28.88,-4.33,70.2,0.3,2026-06-26,11.9,1.04,,,401.0,2.33,N,N,4
AVBH,Other,32.96,34.18,-3.57,62.0,0.6,2026-07-02,,1.25,,,,-2.13,N,N,1
AVBP,Other,34.67,35.83,-3.24,75.2,0.8,2026-06-26,,4.85,13.95,0.001,,-3.38,N,N,2
AXGN,Other,45.89,46.95,-2.26,62.8,1.5,2026-07-01,,9.96,7.1,0.084,,-0.64,N,N,2
BACC,Other,10.86,11.0,-1.27,81.4,0.7,2026-07-01,,-37.45,0.32,,,,N,N,1
BATRA,Other,57.61,57.83,-0.38,65.5,1.3,2026-07-01,,7.12,0.46,1.538,,-0.34,N,N,0
BATRK,Other,52.77,53.25,-0.9,57.4,0.6,2026-07-01,,6.52,0.46,1.538,,-0.34,N,N,0
BBCP,Other,11.11,12.19,-8.86,49.5,0.5,2026-07-02,79.4,2.13,1.73,1.54,,0.14,N,N,1
BBGI,Other,25.35,29.3,-13.48,54.7,0.9,2026-06-29,,-0.99,1.1,,,-106.0,N,N,1
BCAL,Other,20.86,21.5,-2.98,70.0,0.7,2026-07-02,11.4,1.16,,,192.0,1.83,N,N,4
BCAX,Other,29.0,29.9,-3.01,90.5,0.9,2026-07-01,,3.7,13.85,0.003,,-2.77,N,N,2
BCML,Other,33.46,34.43,-2.82,64.1,0.6,2026-07-02,13.9,1.05,,,357.0,2.41,N,N,4
BDSX,Other,21.99,24.92,-11.76,71.8,0.7,2026-07-01,,24.33,2.82,8.056,,-3.96,N,N,1
BELFA,Other,230.16,293.51,-21.58,39.0,0.5,2026-06-30,55.6,6.67,3.18,0.422,10.0,4.14,N,N,4
BELFB,Other,266.94,335.29,-20.39,41.0,1.5,2026-06-30,64.2,7.74,3.18,0.422,11.0,4.16,N,N,4
BFC,Other,151.8,154.29,-1.61,66.8,0.6,2026-07-01,21.1,2.08,,,128.0,7.18,N,N,2
BFST,Other,30.64,31.57,-2.95,66.0,0.9,2026-07-02,10.9,1.09,,,196.0,2.82,N,N,4
BHRB,Other,70.15,73.69,-4.8,63.9,0.7,2026-07-02,9.1,1.24,,,313.0,7.7,N,N,4
BIOA,Other,25.1,25.8,-2.71,87.8,0.6,2026-06-29,,2.94,24.76,0.011,,-2.4,N,N,2
BIXI,Other,10.02,10.02,0.0,79.4,3.7,2026-07-02,,-47.49,20.37,,,,N,N,2
BJRI,Other,58.75,62.07,-5.35,70.4,0.6,2026-07-01,29.5,3.32,0.31,1.242,,1.99,N,N,1
BLFS,Other,28.11,30.0,-6.3,58.5,0.6,2026-06-29,,3.69,7.3,0.04,,-0.24,N,N,2
BLZE,Other,15.62,16.59,-5.85,90.7,0.6,2026-07-01,,11.08,1.05,0.737,,-0.39,N,N,1
BMRC,Other,28.43,30.34,-6.3,70.5,0.8,2026-07-02,,1.15,,,351.0,-2.02,N,N,2
BOF,Other,4.78,5.25,-8.95,71.6,0.7,2026-07-01,,11.74,0.87,1.284,,-0.57,N,N,0
BOKF,Other,139.29,142.0,-1.91,65.5,0.7,2026-07-02,14.1,1.42,,,181.0,9.89,N,N,4
BPOP,Other,167.26,170.02,-1.62,68.0,0.7,2026-07-02,12.4,1.72,,,179.0,13.53,N,N,3
BPRN,Other,38.98,39.41,-1.09,65.1,0.8,2026-07-02,13.7,0.97,,,359.0,2.85,N,N,4
BSET,Other,20.23,20.99,-3.62,88.4,2.3,2026-07-02,31.6,1.06,1.97,0.534,395.0,0.64,N,N,4
BSRR,Other,41.09,42.17,-2.56,56.8,0.7,2026-07-02,12.0,1.46,,,253.0,3.42,N,N,4
BSVN,Other,49.59,50.58,-1.96,74.1,1.3,2026-07-01,10.7,1.82,,,217.0,4.64,N,N,3
BTSG,Other,69.03,70.9,-2.64,80.5,0.5,2026-07-02,89.6,7.15,1.74,1.357,,0.77,N,N,1
BUSE,Other,29.65,30.52,-2.85,62.9,0.8,2026-07-02,12.2,1.05,,,351.0,2.43,N,N,4
BUUU,Other,21.8,27.45,-20.58,66.5,1.5,2026-07-02,,59.73,4.73,0.103,,,N,N,2
BVFL,Other,21.64,22.17,-2.39,73.1,0.4,2026-06-26,15.8,0.96,,,,1.37,N,N,2
BWB,Other,21.46,21.84,-1.74,70.6,0.6,2026-07-02,12.2,1.29,,,,1.76,N,N,3
BWFG,Other,58.6,60.5,-3.14,66.2,1.3,2026-07-02,11.7,1.46,,,137.0,4.99,N,N,4
CAC,Other,54.58,56.23,-2.93,66.0,0.7,2026-07-02,11.6,1.3,,,308.0,4.7,N,N,4
CACC,Other,657.12,666.24,-1.37,89.1,0.8,2026-07-02,16.4,4.52,3.87,4.233,,40.15,N,N,2
CADL,Other,9.83,11.36,-13.47,70.6,0.7,2026-06-30,,5.22,28.05,0.357,,-1.01,N,N,2
CAKE,Other,79.18,80.93,-2.16,67.9,1.0,2026-07-01,23.2,8.58,0.59,4.664,152.0,3.41,N,N,2
CARE,Other,33.13,35.03,-5.42,73.3,0.9,2026-07-02,6.8,1.45,,,121.0,4.87,N,N,4
CASS,Other,52.51,53.19,-1.28,72.4,0.8,2026-07-01,22.4,2.79,1.02,0.618,243.0,2.34,N,N,3
CATY,Other,62.31,63.72,-2.21,63.3,0.6,2026-07-02,12.8,1.4,,,231.0,4.85,N,N,4
CBC,Other,31.46,31.89,-1.35,74.4,0.9,2026-07-02,17.7,1.99,,,152.0,1.78,N,N,2
CBFV,Other,38.14,38.39,-0.65,54.8,0.3,2026-06-26,29.3,1.22,,,283.0,1.3,N,N,3
CBK,Other,33.4,33.83,-1.27,79.9,1.1,2026-07-02,12.0,1.56,,,60.0,2.78,N,N,3
CBNK,Other,35.52,36.41,-2.44,67.3,0.8,2026-07-01,10.7,1.41,,,135.0,3.32,N,N,4
CCBG,Other,49.63,51.04,-2.76,69.0,0.9,2026-06-26,14.1,1.52,,,218.0,3.53,N,N,3
CCCC,Other,4.3,5.17,-16.83,62.9,0.7,2026-06-30,,1.91,9.01,0.25,,-1.1,N,N,2
CCNE,Other,33.69,34.92,-3.52,61.8,0.8,2026-07-02,11.7,1.19,,,220.0,2.87,N,N,4
CCSI,Other,37.94,41.4,-8.36,67.2,0.7,2026-07-01,8.3,31.72,1.8,25.838,,4.57,N,N,2
CCXIU,Other,19.83,21.88,-9.37,94.7,1.4,2026-07-02,,-78.07,8.13,,,,N,N,2
CDNA,Other,29.19,30.0,-2.7,72.1,0.9,2026-07-02,,4.77,3.4,0.078,,-0.16,N,N,2
CDNL,Other,74.25,96.4,-22.98,56.6,1.8,2026-07-01,55.0,16.13,1.73,0.869,,1.35,N,N,2
CENTA,Other,38.43,39.99,-3.9,59.7,0.5,2026-07-02,14.0,1.45,3.45,0.858,,2.75,N,N,5
CEPV,Other,10.38,10.38,0.0,58.3,0.5,2026-07-02,94.4,2076.0,1.79,0.111,,0.11,N,N,2
CERS,Other,3.16,3.21,-1.56,74.4,1.1,2026-07-02,,9.38,1.63,1.426,,-0.05,N,N,0
CFFI,Other,82.7,86.18,-4.04,58.9,0.6,2026-06-26,9.5,1.01,,,232.0,8.72,N,N,4
CFFN,Other,8.45,8.69,-2.76,61.9,0.8,2026-07-02,14.1,1.03,,,403.0,0.6,N,N,4
CGEM,Other,17.63,19.43,-9.26,80.6,0.7,2026-06-26,,2.96,10.28,0.007,,-3.37,N,N,2
CGNX,Other,67.8,72.88,-6.97,61.3,1.4,2026-06-30,79.8,7.63,3.64,0.05,49.0,0.85,N,N,4
CGON,Other,70.36,77.0,-8.62,78.5,0.6,2026-06-30,,5.67,31.3,0.007,,-2.34,N,N,2
CHCO,Other,134.85,136.17,-0.97,65.5,0.7,2026-07-02,14.9,2.4,,,258.0,9.06,N,N,3
CHMG,Other,74.5,76.65,-2.8,59.0,0.6,2026-07-02,19.7,1.37,,,182.0,3.78,N,N,3
CIVB,Other,28.46,29.38,-3.13,63.9,0.8,2026-07-02,10.5,1.07,,,253.0,2.7,N,N,4
CLBK,Other,21.17,21.59,-1.95,56.9,1.3,2026-07-01,38.5,1.88,,,,0.55,N,N,1
CLDX,Other,38.37,39.16,-2.02,86.3,0.7,2026-06-30,,5.6,8.92,0.004,,-4.27,N,N,2
CLOV,Other,5.26,5.59,-5.9,60.3,0.6,2026-06-29,,8.14,1.33,,,-0.12,N,N,0
CLYM,Other,12.9,13.69,-5.77,69.3,0.7,2026-06-30,,4.16,27.86,0.003,,-0.77,N,N,2
CMPS,Other,13.62,15.4,-11.56,65.6,1.2,2026-06-29,,5.63,3.32,0.163,,-3.14,N,N,2
CNOB,Other,32.52,33.97,-4.27,53.2,1.1,2026-07-01,17.5,1.1,,,240.0,1.86,N,N,3
CNXN,Other,72.43,75.3,-3.81,50.1,0.9,2026-07-01,21.1,1.98,2.71,0.008,110.0,3.43,N,N,4
COFS,Other,33.92,34.9,-2.81,68.9,0.7,2026-06-30,8.0,1.08,,,342.0,4.22,N,N,4
COHU,Other,59.27,74.6,-20.55,50.7,1.5,2026-06-30,,3.64,6.43,0.429,,-1.19,N,N,2
COLB,Other,31.72,32.77,-3.2,58.5,1.1,2026-07-02,12.4,1.2,,,467.0,2.55,N,N,4
CORT,Other,90.21,91.0,-0.87,69.9,0.8,2026-07-01,257.7,15.18,2.86,0.015,,0.35,N,N,3
CPBI,Other,18.91,19.11,-1.05,66.4,0.4,2026-06-30,18.0,0.83,,,,1.05,N,N,2
CPIX,Other,6.37,7.36,-13.45,59.5,2.2,2026-07-02,,4.41,0.95,0.473,,-0.49,N,N,1
CRAQ,Other,10.32,10.32,0.0,84.6,0.5,2026-07-02,35.6,-39.09,5.35,,,0.29,N,N,3
CRWS,Other,2.95,3.04,-2.96,63.6,1.8,2026-07-02,17.4,0.82,3.58,0.614,1085.0,0.17,N,N,5
CSTE,Other,2.21,2.62,-15.65,77.2,4.1,2026-07-02,,0.65,1.7,0.889,,-4.22,N,N,2
CSWC,Other,23.73,24.13,-1.66,58.6,0.8,2026-07-02,12.5,1.42,47.85,1.193,1079.0,1.9,N,N,5
CTNM,Other,15.1,16.91,-10.7,70.2,0.8,2026-06-30,,2.26,38.0,0.028,,-1.94,N,N,2
CVBF,Other,22.81,23.34,-2.27,70.0,0.8,2026-07-02,14.9,1.33,,,351.0,1.53,N,N,4
CWBC,Other,26.97,27.73,-2.74,65.1,0.7,2026-07-02,12.5,1.23,,,178.0,2.16,N,N,4
CYTK,Other,86.49,88.31,-2.06,88.9,0.8,2026-06-30,,-13.0,4.21,,,-6.85,N,N,2
CZFS,Other,72.21,74.7,-3.33,61.2,0.6,2026-07-01,8.8,1.01,,,282.0,8.17,N,N,4
CZNC,Other,23.63,24.25,-2.56,67.0,0.8,2026-07-02,22.1,1.26,,,474.0,1.07,N,N,3
CZWI,Other,23.67,24.43,-3.11,73.1,1.4,2026-07-02,15.5,1.88,,,89.0,1.53,N,N,2
DAVE,Other,387.36,404.44,-4.22,82.2,0.9,2026-07-01,24.9,24.17,3.86,1.316,,15.57,N,N,2
DFTX,Other,44.19,49.2,-10.18,83.1,0.5,2026-06-30,,16.49,4.69,0.146,,-2.5,N,N,2
DGICB,Other,21.78,24.0,-9.25,57.6,0.0,2026-06-26,13.3,1.35,0.5,0.054,297.0,1.78,N,N,5
DGII,Other,72.15,76.41,-5.58,62.5,1.3,2026-07-01,63.8,4.08,1.11,0.231,,1.13,N,N,2
DMAA,Other,10.65,10.65,0.0,75.0,0.0,2026-07-02,53.2,-48.63,0.03,,,0.2,N,N,2
DNLI,Other,25.83,26.8,-3.62,86.6,0.7,2026-07-02,,4.43,9.29,0.043,,-2.88,N,N,2
DNTH,Other,94.34,98.7,-4.42,72.5,0.5,2026-06-30,,4.29,29.25,0.001,,-4.23,N,N,2
DRH,Other,12.08,12.45,-2.97,58.7,0.9,2026-06-26,26.3,1.71,2.84,0.823,298.0,0.46,N,N,4
DRTS,Other,13.23,13.23,0.0,81.8,1.4,2026-07-02,,17.2,7.79,0.207,,-0.67,N,N,2
DWSN,Other,5.89,6.25,-5.76,67.3,1.5,2026-07-01,36.8,7.84,1.01,0.942,,0.16,N,N,2
EBC,Other,22.36,22.89,-2.32,72.2,0.4,2026-07-02,12.4,1.16,,,241.0,1.81,N,N,4
EBMT,Other,23.64,24.66,-4.14,52.4,0.6,2026-07-01,11.8,0.96,,,245.0,2.0,N,N,4
ECBK,Other,20.2,20.5,-1.46,56.0,0.4,2026-07-02,17.4,1.01,,,,1.16,N,N,2
ECPG,Other,90.61,94.6,-4.22,79.5,1.3,2026-07-01,7.1,1.88,18.24,3.905,,12.84,N,N,3
EFSC,Other,65.8,67.53,-2.56,63.3,0.6,2026-06-26,12.4,1.23,,,198.0,5.3,N,N,4
EGBN,Other,27.59,29.29,-5.8,43.9,0.6,2026-06-26,,0.73,,,71.0,-4.13,N,N,2
ELVN,Other,49.82,52.39,-4.91,70.7,0.3,2026-06-30,,6.69,40.32,0.001,,-1.64,N,N,2
EMIS,Other,10.18,10.18,0.0,63.6,4.0,2026-07-02,,175.52,11.76,,,,N,N,1
EML,Other,29.11,29.91,-2.67,88.4,0.6,2026-07-01,37.3,1.41,3.52,0.429,151.0,0.78,N,N,5
EQ,Other,2.91,3.54,-17.8,54.1,3.5,2026-06-30,,3.09,18.62,0.012,,-0.21,N,N,2
ESTA,Other,89.25,90.5,-1.38,60.2,0.5,2026-06-26,,177.44,2.96,17.855,,-1.47,N,N,1
ETON,Other,37.5,37.98,-1.26,83.5,1.2,2026-07-02,,33.51,1.21,1.021,,-0.06,N,N,0
EURK,Other,11.41,14.28,-20.1,46.6,0.1,2026-06-30,,-26.66,0.09,,,-0.56,N,N,1
EXEL,Other,55.85,56.21,-0.64,62.7,0.9,2026-07-02,18.5,7.32,3.26,0.088,,3.02,N,N,3
EXTR,Other,29.8,33.1,-9.97,41.4,0.8,2026-06-30,248.3,50.0,0.91,2.985,,0.12,N,N,1
FA,Other,20.53,20.59,-0.29,83.1,0.9,2026-07-02,410.6,2.74,2.65,1.597,,0.05,N,N,2
FATE,Other,2.92,3.21,-9.03,73.2,0.9,2026-07-02,,1.89,5.85,0.427,,-1.09,N,N,2
FBIZ,Other,63.85,65.49,-2.5,69.2,0.8,2026-07-02,10.5,1.45,,,197.0,6.06,N,N,4
FBLA,Other,15.21,15.46,-1.62,75.9,0.6,2026-06-26,89.5,0.8,,,,0.17,N,N,2
FBNC,Other,63.8,66.06,-3.42,64.7,0.9,2026-07-01,21.8,1.57,,,150.0,2.93,N,N,2
FCBC,Other,45.12,45.84,-1.57,58.6,0.8,2026-07-02,17.1,1.63,,,275.0,2.64,N,N,2
FCCO,Other,32.93,34.01,-3.18,58.3,0.4,2026-06-26,12.9,1.4,,,194.0,2.55,N,N,4
FCEL,Other,28.11,37.88,-25.79,64.0,0.8,2026-06-30,,2.48,8.59,0.202,,-6.2,N,N,2
FDBC,Other,52.81,53.51,-1.31,60.5,0.5,2026-07-02,10.4,1.25,,,319.0,5.1,N,N,4
FDMT,Other,13.0,14.0,-7.14,81.1,0.9,2026-06-30,,1.5,9.34,0.045,,-2.57,N,N,3
FDSB,Other,16.62,16.62,0.0,84.2,0.4,2026-07-02,19.3,0.68,,,,0.86,N,N,2
FENC,Other,10.7,11.31,-5.39,75.1,0.5,2026-06-29,,9.81,6.98,,,-0.29,N,N,1
FFBC,Other,34.39,35.0,-1.74,74.4,0.9,2026-07-02,12.2,1.23,,,291.0,2.83,N,N,4
FHB,Other,29.97,30.56,-1.93,68.1,0.9,2026-07-02,13.1,1.32,,,347.0,2.28,N,N,4
FIBK,Other,39.15,39.65,-1.26,71.3,0.9,2026-07-02,12.8,1.14,,,480.0,3.06,N,N,4
FISI,Other,39.02,40.26,-3.08,62.5,0.6,2026-07-01,10.2,1.25,,,323.0,3.84,N,N,4
FLNT,Other,3.9,4.15,-6.02,85.0,0.1,2026-07-01,,8.74,0.95,2.327,,-0.83,N,N,0
FLXS,Other,72.49,77.19,-6.09,74.2,0.9,2026-07-02,13.2,2.09,3.44,0.291,117.0,5.48,N,N,5
FLYW,Other,18.75,18.92,-0.9,83.7,1.0,2026-07-02,78.1,2.71,1.75,0.002,,0.24,N,N,2
FMAO,Other,30.67,32.0,-4.16,70.3,1.0,2026-07-02,11.7,1.11,,,299.0,2.62,N,N,4
FMBH,Other,48.46,49.64,-2.38,65.3,0.6,2026-07-01,12.3,1.2,,,206.0,3.95,N,N,4
FMNB,Other,14.64,14.97,-2.2,55.5,0.9,2026-07-02,10.1,1.13,,,464.0,1.45,N,N,4
FNLC,Other,35.04,35.93,-2.48,75.2,0.7,2026-06-29,10.8,1.38,,,434.0,3.24,N,N,4
FNWB,Other,11.15,11.51,-3.13,63.1,0.5,2026-07-02,20.3,0.63,,,290.0,0.55,N,N,3
FORM,Other,123.59,160.27,-22.89,47.9,1.0,2026-06-30,142.1,9.1,4.55,0.03,,0.87,N,N,3
FRAF,Other,63.62,64.88,-1.94,64.4,1.4,2026-07-02,11.9,1.6,,,214.0,5.34,N,N,3
FRBA,Other,17.63,18.19,-3.08,67.0,0.7,2026-07-01,10.6,0.98,,,170.0,1.67,N,N,4
FRME,Other,43.44,44.59,-2.58,64.6,0.9,2026-07-02,12.8,1.03,,,341.0,3.39,N,N,4
FROG,Other,94.81,96.0,-1.24,73.5,0.8,2026-07-02,,12.43,2.26,0.018,,-0.53,N,N,2
FRST,Other,15.82,16.77,-5.66,56.0,0.6,2026-06-26,8.5,0.92,,,253.0,1.87,N,N,4
FSBC,Other,48.66,50.01,-2.7,74.8,0.6,2026-07-02,15.4,2.27,,,206.0,3.15,N,N,2
FSBW,Other,43.92,44.89,-2.16,60.8,1.1,2026-07-01,10.3,1.04,,,262.0,4.27,N,N,4
FTDR,Other,78.5,80.09,-1.99,88.1,1.0,2026-07-02,22.4,24.07,1.47,5.213,,3.5,N,N,1
FULT,Other,24.11,24.71,-2.43,66.2,0.7,2026-07-02,11.5,1.3,,,315.0,2.1,N,N,4
FUNC,Other,44.53,46.3,-3.82,62.3,0.6,2026-07-01,11.3,1.4,,,235.0,3.93,N,N,4
FUSB,Other,16.5,16.99,-2.88,55.9,0.0,2026-07-01,15.9,0.88,,,170.0,1.04,N,N,3
FVN,Other,10.97,11.99,-8.51,66.1,0.0,2026-06-30,40.6,148.24,165.23,0.343,,0.27,N,N,3
FXNC,Other,30.04,31.21,-3.75,53.8,0.3,2026-07-01,13.0,1.44,,,226.0,2.31,N,N,4
GCBC,Other,34.66,34.77,-0.32,76.3,0.7,2026-07-01,15.1,2.21,,,115.0,2.29,N,N,2
GCMG,Other,12.91,12.98,-0.54,89.8,0.5,2026-07-02,25.8,30.09,2.28,3.453,372.0,0.5,N,N,3
GH,Other,167.98,172.61,-2.68,78.7,1.0,2026-07-01,,-121.99,4.68,,,-3.39,N,N,2
GHRS,Other,27.01,28.96,-6.73,74.3,0.6,2026-06-29,,6.36,23.04,0.002,,-0.91,N,N,2
GLBS,Other,3.09,3.19,-3.13,71.4,0.4,2026-07-02,,0.38,2.65,0.612,,-0.08,N,N,3
GSBC,Other,78.83,82.4,-4.33,63.8,1.0,2026-07-02,12.5,1.35,,,218.0,6.3,N,N,4
GTEN,Other,10.49,10.6,-1.04,60.1,7.1,2026-07-02,61.7,-16.76,0.29,,,0.17,N,N,2
GTERA,Other,10.31,10.32,-0.1,60.0,0.0,2026-06-29,25.1,-332.58,5.09,,,0.41,N,N,3
GTX,Other,31.75,36.25,-12.41,42.8,1.4,2026-06-30,18.6,-7.63,0.98,,101.0,1.71,N,N,3
HAFC,Other,32.49,33.5,-3.01,61.1,0.7,2026-07-02,12.1,1.2,,,345.0,2.68,N,N,4
HAVA,Other,10.1,10.13,-0.3,57.1,0.0,2026-06-29,112.2,-54.01,1.91,,,0.09,N,N,2
HBCP,Other,69.32,71.46,-2.99,58.1,1.2,2026-07-02,11.7,1.22,,,176.0,5.95,N,N,4
HBNC,Other,19.78,20.42,-3.13,56.1,0.7,2026-07-02,,1.45,,,324.0,-3.28,N,N,2
HBT,Other,32.18,33.1,-2.78,71.4,0.5,2026-07-02,14.8,1.57,,,286.0,2.18,N,N,3
HCSG,Other,25.15,25.55,-1.57,86.2,0.9,2026-07-01,26.5,3.35,3.11,0.029,,0.95,N,N,3
HFBL,Other,20.8,24.0,-13.33,62.1,8.9,2026-07-02,10.8,1.08,,,260.0,1.93,N,N,4
HFWA,Other,29.7,30.58,-2.88,58.4,0.6,2026-07-02,14.6,1.1,,,323.0,2.04,N,N,4
HNVR,Other,23.34,24.57,-5.01,39.9,0.6,2026-07-02,22.2,0.85,,,171.0,1.05,N,N,3
HOFT,Other,16.82,18.09,-7.02,61.3,0.6,2026-07-01,,1.06,3.09,0.139,343.0,-1.04,N,N,4
HOPE,Other,13.58,14.05,-3.35,62.4,0.8,2026-07-02,24.7,0.76,,,413.0,0.55,N,N,3
HTO,Other,62.42,62.68,-0.41,86.2,1.1,2026-07-02,21.4,1.42,2.02,1.022,282.0,2.92,N,N,4
HWBK,Other,38.64,40.36,-4.26,57.2,0.5,2026-07-01,11.2,1.52,,,211.0,3.46,N,N,3
HWC,Other,74.61,76.39,-2.33,64.4,1.1,2026-07-02,15.4,1.37,,,255.0,4.86,N,N,3
HYNE,Other,16.69,16.86,-1.01,69.4,0.4,2026-06-26,417.3,0.84,,,,0.04,N,N,2
IART,Other,18.05,18.92,-4.6,56.9,0.7,2026-06-29,,1.35,3.38,1.958,,-6.48,N,N,2
IBOC,Other,75.9,78.46,-3.26,50.9,0.7,2026-06-26,11.3,1.44,,,188.0,6.69,N,N,4
ICCC,Other,10.29,11.16,-7.8,59.0,1.5,2026-07-01,,3.2,4.82,0.439,,-0.07,N,N,2
ICHR,Other,98.22,113.58,-13.52,59.8,1.4,2026-07-01,,5.11,2.82,0.238,,-1.48,N,N,2
IGAC,Other,10.03,10.03,0.0,71.4,0.4,2026-07-02,,-34.12,1.0,,,,N,N,1
IGACR,Other,0.18,0.22,-18.18,33.3,2.8,2026-07-01,,-0.61,1.0,,,,N,N,1
IGIC,Other,27.66,27.98,-1.14,64.4,1.1,2026-07-02,10.0,1.77,0.66,,107.0,2.76,N,N,3
ILMN,Other,188.68,189.46,-0.41,68.0,1.4,2026-07-02,34.4,10.72,1.75,0.951,,5.49,N,N,2
IMUX,Other,14.8,15.84,-6.57,70.3,0.6,2026-06-26,,1.33,4.92,0.003,,-4.79,N,N,3
IMVT,Other,38.79,39.28,-1.25,84.0,0.6,2026-06-26,,9.28,9.09,0.0,,-2.77,N,N,2
INAC,Other,10.25,10.27,-0.19,49.4,1.1,2026-07-02,36.6,-43.43,7.84,,,0.28,N,N,3
INBK,Other,28.1,28.88,-2.7,69.5,1.9,2026-07-02,,0.68,,,85.0,-3.85,N,N,2
INDB,Other,84.18,85.74,-1.82,62.5,0.7,2026-07-01,16.7,1.15,,,292.0,5.03,N,N,3
INDV,Other,39.8,42.81,-7.03,61.6,0.8,2026-06-26,20.4,-33.73,0.86,,,1.95,N,N,2
INNV,Other,11.99,12.64,-5.14,87.2,0.7,2026-06-30,,7.1,1.03,0.362,,-0.08,N,N,1
IPCX,Other,10.35,10.35,0.0,66.7,0.3,2026-07-02,115.0,-25.43,3.45,,,0.09,N,N,3
IPEX,Other,10.5,10.52,-0.19,50.0,0.1,2026-06-26,1050.0,-19.02,0.07,,,0.01,N,N,2
IRDM,Other,53.75,57.18,-6.0,57.0,0.9,2026-07-02,54.3,12.13,2.85,3.82,112.0,0.99,N,N,3
ITIC,Other,281.21,284.4,-1.12,88.2,2.4,2026-07-02,13.9,1.95,1.51,0.032,66.0,20.16,N,N,4
JAZZ,Other,243.47,243.81,-0.14,58.0,0.8,2026-07-02,2028.9,3.37,2.04,1.195,,0.12,N,N,2
JBSS,Other,90.6,90.89,-0.32,80.3,0.7,2026-07-02,15.8,2.73,2.3,0.267,99.0,5.72,N,N,4
JMSB,Other,22.17,22.78,-2.68,62.3,0.4,2026-07-02,14.0,1.16,,,216.0,1.58,N,N,4
KALU,Other,176.27,195.96,-10.05,41.6,1.0,2026-06-30,19.2,3.25,2.47,1.219,175.0,9.17,N,N,3
KCHV,Other,10.39,10.39,0.0,70.0,0.0,2026-07-02,35.8,-54.97,4.45,,,0.29,N,N,3
KFFB,Other,5.07,5.48,-7.48,59.5,0.0,2026-06-30,29.8,0.83,,,,0.17,N,N,2
KINS,Other,20.12,20.24,-0.59,83.6,1.3,2026-07-02,9.1,2.54,0.53,0.037,99.0,2.21,N,N,4
KLIC,Other,121.33,135.8,-10.66,58.6,1.2,2026-07-01,117.8,7.4,4.21,0.046,67.0,1.03,N,N,4
KNSA,Other,64.53,64.81,-0.43,81.8,0.6,2026-06-30,70.9,7.85,3.79,0.015,,0.91,N,N,3
KOYN,Other,10.14,10.16,-0.2,58.3,2.4,2026-07-02,101.4,-46.51,4.51,,,0.1,N,N,3
KRNY,Other,9.37,9.66,-3.0,68.0,0.9,2026-07-02,16.4,0.77,,,470.0,0.57,N,N,3
KRT,Other,34.25,34.5,-0.72,81.0,1.2,2026-07-02,21.7,4.64,2.29,0.493,524.0,1.58,N,N,4
KRYS,Other,375.07,382.54,-1.95,79.0,0.6,2026-06-30,50.3,8.65,9.46,0.007,,7.46,N,N,3
KTCC,Other,4.26,4.42,-3.62,69.8,0.3,2026-06-30,,0.45,2.06,1.314,,-1.6,N,N,2
LAMR,Other,157.56,158.44,-0.56,72.4,0.7,2026-07-01,29.1,16.49,0.58,5.048,406.0,5.42,N,N,2
LARK,Other,31.14,32.39,-3.86,64.3,0.4,2026-06-26,9.9,1.18,,,263.0,3.13,N,N,4
LBRX,Other,33.43,34.0,-1.68,77.4,1.2,2026-07-02,,2.53,35.67,0.009,,-1.36,N,N,2
LCNB,Other,17.89,18.52,-3.4,58.0,0.3,2026-06-26,11.1,0.92,,,492.0,1.61,N,N,4
LFST,Other,11.27,11.62,-3.01,91.3,1.3,2026-07-02,187.8,2.96,1.49,0.323,,0.06,N,N,2
LGND,Other,319.55,320.99,-0.45,81.5,0.7,2026-06-30,41.7,6.42,21.28,0.453,,7.67,N,N,3
LILA,Other,7.62,8.1,-5.93,75.4,0.9,2026-07-01,,2.84,1.11,8.774,,-2.48,N,N,0
LILAK,Other,7.63,8.05,-5.22,75.7,1.3,2026-07-01,,2.84,1.11,8.774,,-2.48,N,N,0
LIND,Other,26.22,30.0,-12.6,65.0,0.7,2026-06-26,,-9.03,0.81,,,-0.54,N,N,1
LIVN,Other,83.62,83.98,-0.43,69.1,0.6,2026-06-26,42.7,3.79,1.33,0.284,,1.96,N,N,2
LIXT,Other,7.21,8.38,-13.96,49.7,1.2,2026-07-01,,10.56,,,,-1.14,N,N,0
LKSP,Other,10.15,10.15,0.0,57.1,0.1,2026-07-02,112.8,-35.0,1.2,,,0.09,N,N,2
LLYVA,Other,104.11,105.47,-1.29,66.1,1.0,2026-07-02,,-30.15,0.31,,,-3.83,N,N,1
LLYVK,Other,108.0,108.92,-0.84,67.2,0.9,2026-07-02,,-31.28,0.31,,,-3.83,N,N,1
LNTH,Other,109.89,111.86,-1.76,67.0,0.5,2026-06-30,26.2,5.9,2.83,0.516,,4.19,N,N,3
LOCO,Other,16.68,17.4,-4.14,61.9,0.7,2026-07-01,17.0,1.68,0.34,0.77,,0.98,N,N,2
LPAA,Other,10.85,10.85,0.0,70.0,0.0,2026-07-02,40.2,-25.96,0.29,,,0.27,N,N,2
LPBB,Other,10.7,10.76,-0.56,45.5,0.0,2026-06-26,35.7,-5.62,1.03,,,0.3,N,N,2
LQDA,Other,78.93,80.69,-2.18,63.9,0.5,2026-06-30,464.3,64.17,2.22,1.702,,0.17,N,N,2
LQDT,Other,38.36,39.93,-3.93,53.0,0.8,2026-06-29,41.2,5.38,1.51,0.067,,0.93,N,N,2
LSBK,Other,16.8,17.96,-6.46,55.6,0.9,2026-06-30,15.4,0.87,,,214.0,1.09,N,N,3
LWAC,Other,10.27,10.27,0.0,66.7,1.5,2026-07-02,,-44.65,0.1,,,,N,N,1
LXRX,Other,2.32,2.68,-13.43,68.7,0.6,2026-06-30,,4.84,18.8,0.284,,-0.07,N,N,2
MAMA,Other,18.68,21.0,-11.05,70.5,0.8,2026-06-29,124.5,13.74,2.32,0.247,,0.15,N,N,3
MBBC,Other,15.25,15.79,-3.42,68.8,0.3,2026-07-01,36.3,0.95,,,,0.42,N,N,2
MBIN,Other,48.82,51.47,-5.15,44.7,0.7,2026-06-30,11.9,1.26,,,90.0,4.1,N,N,4
MBWM,Other,57.81,59.71,-3.18,66.5,0.9,2026-07-02,10.4,1.36,,,270.0,5.58,N,N,4
MBX,Other,57.8,58.5,-1.2,92.8,0.7,2026-07-01,,6.28,30.79,0.001,,-2.17,N,N,2
MCBS,Other,36.26,37.46,-3.2,65.2,0.8,2026-07-02,13.0,1.88,,,287.0,2.78,N,N,3
MCHB,Other,16.16,16.53,-2.24,65.9,0.7,2026-07-02,,1.28,,,810.0,-680.1,N,N,2
MCRI,Other,129.94,135.93,-4.41,57.0,0.9,2026-06-29,22.1,4.19,0.98,0.024,92.0,5.89,N,N,3
MGTX,Other,13.92,13.94,-0.14,83.7,1.0,2026-07-02,,-19.5,0.55,,,-1.48,N,N,1
MIRM,Other,125.59,125.75,-0.13,82.7,0.6,2026-07-02,,31.56,2.09,1.335,,-13.59,N,N,1
MITK,Other,19.21,21.05,-8.74,78.0,0.8,2026-07-01,56.5,3.6,2.61,0.239,,0.34,N,N,3
MKDW,Other,11.8,12.29,-3.99,79.3,0.1,2026-06-29,,-14.9,0.3,,,-0.66,N,N,1
MKSI,Other,365.56,447.62,-18.33,53.2,1.4,2026-06-30,76.3,8.75,1.11,1.527,27.0,4.79,N,N,2
MMTX,Other,10.11,10.12,-0.1,75.0,0.0,2026-06-29,,-631.87,14.82,,,,N,N,2
MNSB,Other,24.64,25.29,-2.57,52.1,0.4,2026-07-02,12.4,0.93,,,162.0,1.99,N,N,4
MOVE,Other,17.37,26.72,-34.99,48.0,1.3,2026-06-29,,21.77,2.14,0.033,,-9.49,N,N,2
MPB,Other,35.18,35.98,-2.22,59.9,0.8,2026-07-02,16.0,1.0,,,244.0,2.2,N,N,3
MPLT,Other,37.09,37.61,-1.38,70.3,0.8,2026-07-02,,4.19,22.91,0.014,,-4.41,N,N,2
MQ,Other,17.41,17.65,-1.36,97.5,0.3,2026-07-02,435.2,2.5,1.65,0.01,,0.04,N,N,2
MRCY,Other,126.21,127.83,-1.27,57.9,0.7,2026-07-01,,5.08,3.19,0.444,,-0.23,N,N,2
MRVI,Other,6.04,6.55,-7.79,70.0,0.5,2026-06-29,,4.21,5.91,0.854,,-0.71,N,N,2
MSBI,Other,30.35,31.67,-4.17,56.8,0.8,2026-07-01,25.3,1.41,,,422.0,1.2,N,N,3
MTCH,Other,37.9,38.94,-2.67,68.4,0.8,2026-07-01,14.5,-40.62,1.57,,211.0,2.62,N,N,4
MVBF,Other,29.41,30.23,-2.71,65.7,1.1,2026-07-02,13.5,1.13,,,231.0,2.18,N,N,4
MXL,Other,93.12,128.3,-27.42,55.2,1.2,2026-06-30,,18.36,1.7,0.333,,-1.52,N,N,1
MYFW,Other,32.99,33.69,-2.08,72.6,0.5,2026-07-02,21.4,1.17,,,,1.54,N,N,2
MYRG,Other,433.01,503.57,-14.01,51.9,1.2,2026-06-30,47.8,9.59,1.31,0.088,,9.05,N,N,2
NAVN,Other,25.67,25.85,-0.7,60.9,1.1,2026-07-02,,5.24,4.31,0.139,,-1.41,N,N,2
NBIX,Other,174.26,174.38,-0.07,66.9,1.0,2026-07-02,26.8,5.14,2.93,0.136,,6.5,N,N,3
NBTB,Other,50.08,51.09,-1.98,66.6,0.9,2026-07-02,14.1,1.36,,,296.0,3.54,N,N,4
NDLS,Other,14.49,16.1,-10.0,51.9,0.9,2026-07-02,,-1.78,0.28,,,-6.35,N,N,1
NECB,Other,27.61,28.94,-4.6,67.9,0.8,2026-06-26,8.6,0.96,,,362.0,3.21,N,N,4
NEO,Other,15.16,15.56,-2.57,81.4,0.6,2026-07-02,,2.37,4.42,0.493,,-0.77,N,N,2
NESR,Other,27.9,30.31,-7.95,62.6,0.8,2026-06-30,43.6,2.83,1.04,0.319,,0.64,N,N,2
NEWT,Other,14.57,15.34,-5.02,62.1,0.8,2026-06-29,6.4,1.18,14.94,1.367,521.0,2.26,N,N,5
NFBK,Other,14.79,15.01,-1.47,52.5,0.6,2026-06-26,113.8,0.89,,,352.0,0.13,N,N,3
NMP,Other,10.26,10.28,-0.19,66.7,0.0,2026-06-29,46.6,466.36,0.87,0.014,,0.22,N,N,2
NNBR,Other,3.49,4.44,-21.4,59.5,1.0,2026-07-02,,7.06,1.87,1.519,,-1.1,N,N,0
NODK,Other,16.09,16.49,-2.43,63.1,0.7,2026-06-26,,1.32,0.55,0.005,,-0.21,N,N,2
NRC,Other,22.4,22.65,-1.1,78.5,0.4,2026-07-01,57.4,37.4,0.52,5.782,268.0,0.39,N,N,2
NRIX,Other,23.97,24.88,-3.66,95.1,0.4,2026-06-30,,5.15,6.01,0.122,,-3.17,N,N,2
NTCT,Other,40.93,43.8,-6.55,44.5,0.8,2026-06-30,31.5,1.77,1.85,0.024,,1.3,N,N,2
NTRA,Other,279.32,279.63,-0.11,86.9,0.8,2026-07-02,,22.47,2.96,0.135,,-1.62,N,N,2
NTWO,Other,10.74,10.74,0.0,,12.4,2026-07-02,41.3,-47.11,5.22,,,0.26,N,N,3
NUTX,Other,196.53,201.49,-2.46,86.7,1.9,2026-07-02,14.4,3.95,3.14,0.79,,13.68,N,N,4
NUVL,Other,123.73,123.8,-0.06,65.2,0.2,2026-07-02,,8.31,16.14,,,-6.06,N,N,1
NVCT,Other,19.57,29.27,-33.14,64.8,1.3,2026-06-29,,36.51,2.27,,,-1.31,N,N,1
NWBI,Other,15.11,15.47,-2.33,62.1,1.0,2026-07-02,16.4,1.16,,,529.0,0.92,N,N,3
NWFL,Other,32.22,32.86,-1.95,53.1,0.5,2026-06-29,11.8,1.23,,,396.0,2.72,N,N,4
OACC,Other,10.74,10.74,0.0,75.0,0.2,2026-07-02,37.0,-36.53,0.87,,,0.29,N,N,2
OBA,Other,10.25,10.25,0.0,60.0,0.0,2026-07-02,32.0,-28.95,6.55,,,0.32,N,N,3
OKTA,Other,141.42,145.95,-3.1,79.7,0.9,2026-07-02,101.7,3.59,1.43,0.06,,1.39,N,N,2
OLPX,Other,2.07,2.09,-0.96,66.7,8.5,2026-07-02,,1.58,6.27,0.401,,-0.02,N,N,2
ONB,Other,26.0,26.52,-1.96,68.9,0.9,2026-07-02,13.4,1.21,,,223.0,1.94,N,N,4
OPBK,Other,15.14,15.73,-3.75,68.5,0.6,2026-06-26,8.3,0.97,,,370.0,1.83,N,N,4
OPK,Other,1.52,1.61,-5.59,63.0,0.7,2026-06-26,,0.95,3.61,0.33,,-0.27,N,N,3
ORKA,Other,85.21,97.78,-12.86,67.6,2.4,2026-06-30,,8.84,23.76,0.004,,-1.93,N,N,2
ORRF,Other,40.85,42.0,-2.74,61.4,0.6,2026-07-02,9.4,1.33,,,279.0,4.36,N,N,4
OSBC,Other,23.23,23.95,-3.01,62.9,0.6,2026-07-02,13.9,1.34,,,116.0,1.67,N,N,4
OUST,Other,49.84,63.79,-21.87,58.8,1.7,2026-06-30,,11.48,2.98,0.063,,-0.93,N,N,2
OYSE,Other,10.31,10.34,-0.29,70.0,0.0,2026-06-30,34.4,-44.06,6.29,,,0.3,N,N,3
OZK,Other,49.84,53.39,-6.65,42.1,2.1,2026-07-01,8.1,0.94,,,373.0,6.15,N,N,4
PACH,Other,10.26,10.26,0.0,58.3,0.0,2026-07-02,34.2,-27.96,2.65,,,0.3,N,N,3
PARK,Other,20.91,22.67,-7.76,65.5,0.8,2026-06-30,,3.71,1.07,2.349,,-0.51,N,N,0
PCB,Other,28.51,29.29,-2.66,73.7,0.5,2026-07-02,10.2,1.23,,,294.0,2.79,N,N,4
PDFS,Other,59.18,71.69,-17.45,45.1,1.6,2026-06-30,328.8,8.42,2.34,0.257,,0.18,N,N,3
PDLB,Other,20.11,20.62,-2.47,63.2,0.6,2026-07-02,15.4,1.49,,,,1.31,N,N,2
PEBO,Other,38.71,39.33,-1.58,68.9,0.6,2026-07-02,12.4,1.14,,,434.0,3.12,N,N,4
PECO,Other,42.06,42.7,-1.5,56.1,0.8,2026-06-26,45.7,2.33,1.42,0.965,309.0,0.92,N,N,3
PFIS,Other,67.12,68.61,-2.17,69.5,1.4,2026-07-02,11.5,1.28,,,369.0,5.84,N,N,4
PGAC,Other,10.63,11.39,-6.67,75.0,0.0,2026-06-29,53.0,-64.7,0.16,,,0.2,N,N,2
PGC,Other,47.38,49.14,-3.58,56.5,1.0,2026-07-02,19.2,1.24,,,42.0,2.47,N,N,3
PGEN,Other,5.64,6.04,-6.62,69.9,0.8,2026-06-29,,98.95,4.82,4.855,,-1.21,N,N,1
PGNY,Other,30.22,30.33,-0.36,86.3,0.7,2026-07-02,39.2,5.34,2.13,0.062,,0.77,N,N,3
PHVS,Other,33.86,35.9,-5.68,60.8,1.1,2026-06-30,,8.24,11.24,0.003,,-3.09,N,N,2
PKBK,Other,32.93,33.84,-2.69,62.8,0.7,2026-07-02,9.4,1.15,,,243.0,3.51,N,N,4
PKOH,Other,36.3,39.33,-7.7,61.9,1.1,2026-06-26,20.7,1.32,2.4,1.814,138.0,1.75,N,N,4
PLBC,Other,59.13,60.47,-2.22,64.8,0.7,2026-07-02,12.5,1.55,,,224.0,4.73,N,N,3
PLPC,Other,368.77,414.35,-11.0,47.7,1.0,2026-07-01,52.9,3.81,3.0,0.105,23.0,6.97,N,N,4
PLSE,Other,29.2,31.0,-5.81,59.1,0.5,2026-06-26,,30.05,7.26,0.108,,-1.1,N,N,2
PNTG,Other,38.52,39.42,-2.28,85.8,2.0,2026-07-02,44.8,3.87,1.19,1.166,,0.86,N,N,1
PPLI,Other,46.75,46.88,-0.28,72.9,0.9,2026-07-01,28.7,0.77,3.69,0.309,,1.63,N,N,4
PRLD,Other,4.91,5.69,-13.71,64.1,0.6,2026-06-30,,6.74,2.03,0.294,,-1.0,N,N,2
PROV,Other,17.21,17.39,-1.04,62.0,0.3,2026-07-02,18.5,0.86,,,325.0,0.93,N,N,3
PRVA,Other,27.36,27.52,-0.58,86.6,0.7,2026-07-02,160.9,4.57,1.61,0.011,,0.17,N,N,2
PSMT,Other,197.9,199.41,-0.76,82.3,0.8,2026-06-30,39.0,4.47,1.29,0.236,71.0,5.07,N,N,3
PSNL,Other,13.62,14.24,-4.35,82.8,1.0,2026-07-02,,5.6,6.61,0.152,,-1.02,N,N,2
PTGX,Other,131.62,131.87,-0.19,89.7,0.8,2026-07-02,,12.9,17.76,0.015,,-1.8,N,N,2
PTRN,Other,26.43,26.66,-0.86,76.9,1.1,2026-07-02,,7.66,2.45,0.051,,-0.81,N,N,2
PUBM,Other,13.55,13.99,-3.15,77.0,1.0,2026-07-01,,2.51,1.37,0.17,,-0.38,N,N,1
PVLA,Other,146.76,161.38,-9.06,73.3,0.9,2026-06-30,,9.04,28.88,0.088,,-4.17,N,N,2
PYPD,Other,5.02,5.24,-4.2,61.8,1.4,2026-06-29,,10.96,1.78,0.267,,-1.74,N,N,1
QCRH,Other,96.65,99.87,-3.22,51.4,0.6,2026-07-02,12.2,1.42,,,41.0,7.95,N,N,4
QTTB,Other,13.09,15.02,-12.85,52.2,0.3,2026-06-29,4.7,4.13,5.36,0.295,,2.77,N,N,4
QUMS,Other,10.22,10.25,-0.29,57.1,0.0,2026-06-29,85.2,-36.11,1.16,,,0.12,N,N,2
RANG,Other,10.69,11.66,-8.32,82.6,0.0,2026-07-01,44.6,,0.98,,,0.24,N,N,1
RAPP,Other,38.97,43.76,-10.95,62.7,0.6,2026-06-30,,3.95,27.08,0.023,,-2.6,N,N,2
RBB,Other,27.13,28.2,-3.79,72.6,0.7,2026-07-02,11.5,0.87,,,236.0,2.36,N,N,4
RBCAA,Other,91.5,93.54,-2.18,68.4,1.3,2026-07-02,,,,,,,N,N,0
RDVT,Other,65.52,67.68,-3.19,84.8,1.3,2026-07-01,67.5,8.85,11.22,0.026,,0.97,N,N,3
REYN,Other,27.18,27.32,-0.51,86.2,1.1,2026-07-02,17.4,2.53,1.79,0.721,338.0,1.56,N,N,3
RLAY,Other,18.65,19.93,-6.42,75.2,0.7,2026-06-29,,,,,,,N,N,0
RMBI,Other,15.16,16.59,-8.62,56.7,0.2,2026-06-26,,,,,,,N,N,0
RMTI,Other,5.54,5.69,-2.64,96.6,0.3,2026-07-01,,,,,,,N,N,0
ROIV,Other,35.13,35.9,-2.14,91.5,0.8,2026-06-30,,,,,,,N,N,0
RPRX,Other,57.77,57.8,-0.05,60.4,0.8,2026-07-02,,,,,,,N,N,0
RRGB,Other,7.15,8.26,-13.44,71.2,0.9,2026-06-30,,,,,,,N,N,0
RRR,Other,65.6,68.11,-3.69,59.4,1.2,2026-06-29,,,,,,,N,N,0
RVMD,Other,189.24,193.1,-2.0,84.7,0.9,2026-06-30,,,,,,,N,N,0
SBFG,Other,25.08,26.0,-3.54,67.0,0.5,2026-07-02,,,,,,,N,N,0
SCHL,Other,46.41,48.07,-3.45,63.8,0.6,2026-07-01,,,,,,,N,N,0
SCSC,Other,50.87,53.14,-4.27,58.4,0.9,2026-07-01,,,,,,,N,N,0
SENEA,Other,183.98,185.9,-1.03,73.6,0.6,2026-07-02,,,,,,,N,N,0
SFNC,Other,22.84,23.4,-2.39,62.1,0.6,2026-07-02,,,,,,,N,N,0
SFST,Other,61.19,63.75,-4.02,48.6,0.7,2026-07-02,,,,,,,N,N,0
SHBI,Other,23.03,23.58,-2.33,58.7,0.8,2026-07-02,,,,,,,N,N,0
SIGI,Other,100.15,100.3,-0.15,83.2,0.6,2026-07-02,,,,,,,N,N,0
SILC,Other,42.59,52.95,-19.57,41.8,2.1,2026-06-30,,,,,,,N,N,0
SIRI,Other,30.51,30.61,-0.33,86.5,0.8,2026-07-02,,,,,,,N,N,0
SKWD,Other,61.42,62.2,-1.25,80.5,1.7,2026-07-02,,,,,,,N,N,0
SLDB,Other,10.84,10.88,-0.37,84.8,0.9,2026-07-02,,,,,,,N,N,0
SLDE,Other,21.25,21.79,-2.48,81.6,2.6,2026-07-02,,,,,,,N,N,0
SLN,Other,10.39,11.06,-6.06,81.0,1.2,2026-07-01,,,,,,,N,N,0
SLS,Other,14.98,15.88,-5.67,79.7,1.6,2026-06-30,,,,,,,N,N,0
SMBC,Other,76.04,78.47,-3.1,68.9,0.7,2026-07-02,,,,,,,N,N,0
SNFCA,Other,9.72,10.14,-4.14,58.2,0.3,2026-06-29,,,,,,,N,N,0
SOCA,Other,10.26,10.28,-0.19,57.1,1.2,2026-07-02,,,,,,,N,N,0
SOPH,Other,5.35,6.3,-15.08,52.8,1.1,2026-06-30,,,,,,,N,N,0
SOTK,Other,5.2,6.24,-16.67,48.8,1.4,2026-07-01,,,,,,,N,N,0
SRBK,Other,19.63,20.19,-2.77,66.1,0.5,2026-07-01,,,,,,,N,N,0
SRRK,Other,54.88,56.54,-2.94,81.4,0.9,2026-06-29,,,,,,,N,N,0
SSBI,Other,13.29,14.0,-5.07,46.3,1.9,2026-06-26,,,,,,,N,N,0
STBA,Other,49.13,50.4,-2.52,64.8,0.9,2026-07-02,,,,,,,N,N,0
STGW,Other,7.4,7.73,-4.27,66.8,0.6,2026-07-01,,,,,,,N,N,0
STHO,Other,9.23,9.29,-0.65,53.6,0.2,2026-07-01,,,,,,,N,N,0
STRZ,Other,28.99,32.58,-11.02,52.6,1.1,2026-07-01,,,,,,,N,N,0
SVA,Other,6.47,6.47,0.0,,,2026-07-02,,,,,,,N,N,0
SVCC,Other,10.58,10.58,0.0,60.0,0.2,2026-07-02,,,,,,,N,N,0
SVCO,Other,11.1,14.39,-22.86,47.9,1.2,2026-07-01,,,,,,,N,N,0
TACT,Other,5.07,6.02,-15.78,45.8,0.4,2026-06-30,,,,,,,N,N,0
TAVI,Other,10.65,11.91,-10.58,51.9,3.4,2026-06-26,,,,,,,N,N,0
TCBK,Other,54.54,55.32,-1.41,65.4,1.1,2026-07-02,,,,,,,N,N,0
TECX,Other,37.93,38.12,-0.5,81.3,3.0,2026-07-02,,,,,,,N,N,0
TENB,Other,38.6,39.43,-2.1,87.6,1.0,2026-07-01,,,,,,,N,N,0
TFSL,Other,17.84,17.99,-0.83,71.5,0.6,2026-07-01,,,,,,,N,N,0
TH,Other,18.47,20.85,-11.41,56.9,0.9,2026-06-26,,,,,,,N,N,0
THFF,Other,77.02,78.74,-2.18,65.8,1.1,2026-07-02,,,,,,,N,N,0
TIGO,Other,93.76,95.38,-1.7,53.0,0.6,2026-07-02,,,,,,,N,N,0
TILE,Other,35.67,36.66,-2.7,78.3,0.8,2026-07-01,,,,,,,N,N,0
TOI,Other,5.28,5.82,-9.28,53.5,0.6,2026-06-29,,,,,,,N,N,0
TOWN,Other,36.45,37.09,-1.73,66.8,0.7,2026-07-01,,,,,,,N,N,0
TRIN,Other,17.79,18.08,-1.6,79.9,0.9,2026-07-02,,,,,,,N,N,0
TRS,Other,42.01,45.43,-7.53,55.1,0.6,2026-07-01,,,,,,,N,N,0
TRVI,Other,17.93,19.26,-6.91,81.0,0.9,2026-06-30,,,,,,,N,N,0
TSBK,Other,44.67,45.64,-2.13,68.5,0.6,2026-07-01,,,,,,,N,N,0
TWIN,Other,22.86,24.5,-6.69,71.7,0.8,2026-06-30,,,,,,,N,N,0
TWST,Other,99.24,105.47,-5.91,78.2,0.7,2026-07-02,,,,,,,N,N,0
TXG,Other,39.01,40.08,-2.67,79.0,0.8,2026-07-01,,,,,,,N,N,0
TXRH,Other,194.28,196.86,-1.31,85.5,0.7,2026-06-26,,,,,,,N,N,0
UBSI,Other,46.38,47.25,-1.84,62.4,0.9,2026-07-02,,,,,,,N,N,0
UCTT,Other,106.48,144.22,-26.17,50.7,1.6,2026-06-30,,,,,,,N,N,0
UFCS,Other,53.93,54.42,-0.9,81.0,0.8,2026-07-02,,,,,,,N,N,0
UFPT,Other,272.36,275.2,-1.03,75.0,1.2,2026-07-01,,,,,,,N,N,0
UMBF,Other,143.8,146.6,-1.91,69.7,0.7,2026-07-01,,,,,,,N,N,0
UNTY,Other,58.12,60.86,-4.5,62.3,0.7,2026-06-26,,,,,,,N,N,0
UPC,Other,6.32,17.96,-64.81,58.7,1.1,2026-06-29,,,,,,,N,N,0
URGN,Other,38.02,39.58,-3.94,90.2,1.2,2026-07-01,,,,,,,N,N,0
USCB,Other,20.45,20.93,-2.29,64.4,0.5,2026-06-26,,,,,,,N,N,0
USEA,Other,2.66,2.72,-2.21,76.2,0.6,2026-06-30,,,,,,,N,N,0
USIO,Other,2.48,2.62,-5.34,82.9,0.7,2026-07-01,,,,,,,N,N,0
UTMD,Other,72.78,75.75,-3.92,56.5,1.5,2026-06-26,,,,,,,N,N,0
UVSP,Other,44.13,45.46,-2.93,63.8,0.7,2026-07-02,,,,,,,N,N,0
VALU,Other,39.01,40.98,-4.81,70.4,0.3,2026-06-29,,,,,,,N,N,0
VCEL,Other,46.98,47.06,-0.17,79.5,0.9,2026-07-02,,,,,,,N,N,0
VCYT,Other,57.08,60.91,-6.29,74.4,0.8,2026-06-30,,,,,,,N,N,0
VICR,Other,282.95,382.65,-26.06,47.3,1.2,2026-06-30,,,,,,,N,N,0
VLY,Other,14.59,14.94,-2.34,56.6,0.9,2026-07-02,,,,,,,N,N,0
VMD,Other,12.02,12.06,-0.33,82.5,1.1,2026-07-02,,,,,,,N,N,0
VNME,Other,10.21,10.22,-0.1,53.8,0.1,2026-07-02,,,,,,,N,N,0
VSAT,Other,83.06,93.03,-10.72,59.6,0.7,2026-07-01,,,,,,,N,N,0
VSEC,Other,232.33,237.75,-2.28,84.0,0.9,2026-07-02,,,,,,,N,N,0
WABC,Other,59.51,60.54,-1.7,66.9,0.8,2026-07-02,,,,,,,N,N,0
WAFD,Other,38.34,39.35,-2.57,65.4,0.7,2026-07-02,,,,,,,N,N,0
WEST,Other,7.06,10.19,-30.72,26.7,0.7,2026-06-26,,,,,,,N,N,0
WEYS,Other,39.49,39.98,-1.23,71.2,0.5,2026-07-02,,,,,,,N,N,0
WNEB,Other,14.47,14.72,-1.7,67.1,0.6,2026-07-02,,,,,,,N,N,0
WRLD,Other,207.98,227.68,-8.65,71.1,1.7,2026-06-30,,,,,,,N,N,0
WSBC,Other,39.64,40.26,-1.54,75.2,0.5,2026-07-02,,,,,,,N,N,0
WSBF,Other,20.6,21.03,-2.04,69.8,0.9,2026-07-02,,,,,,,N,N,0
WSFS,Other,77.17,79.13,-2.48,62.0,0.6,2026-07-02,,,,,,,N,N,0
WSTN,Other,10.09,10.11,-0.2,60.0,0.0,2026-06-29,,,,,,,N,N,0
WTBA,Other,27.09,27.62,-1.92,69.4,1.1,2026-07-01,,,,,,,N,N,0
WTG,Other,10.45,10.46,-0.1,78.6,19.2,2026-07-01,,,,,,,N,N,0
XMAX,Other,8.94,9.31,-3.97,55.4,0.6,2026-07-01,,,,,,,N,N,0
XOMA,Other,43.0,43.0,0.0,81.9,0.9,2026-07-02,,,,,,,N,N,0
ZD,Other,52.43,53.43,-1.87,75.7,0.8,2026-07-01,,,,,,,N,N,0
ZION,Other,69.35,71.26,-2.68,64.3,0.9,2026-07-02,,,,,,,N,N,0
ZVRA,Other,13.98,14.58,-4.12,64.5,0.7,2026-06-30,,,,,,,N,N,0
CPT,Real Estate,117.25,117.56,-0.26,60.6,0.6,2026-07-01,32.8,3.03,0.1,1.041,362.0,3.58,N,N,2
DOC,Real Estate,21.89,21.98,-0.41,65.5,1.0,2026-07-02,68.4,1.94,2.04,1.182,557.0,0.32,N,N,3
EQR,Real Estate,69.83,69.83,0.0,66.7,0.8,2026-07-02,27.9,2.46,0.12,0.784,402.0,2.5,N,N,3
ESS,Real Estate,298.33,299.29,-0.32,73.2,0.8,2026-07-01,33.6,3.53,0.3,1.219,347.0,8.89,N,N,2
PSA,Real Estate,329.64,329.74,-0.03,58.3,0.9,2026-07-02,34.0,11.87,0.19,1.076,364.0,9.69,N,N,2
REG,Real Estate,80.96,81.93,-1.18,54.0,0.7,2026-06-26,27.8,2.22,1.04,0.732,373.0,2.91,N,N,3
SPG,Real Estate,226.06,228.58,-1.1,64.5,0.6,2026-06-26,,,,,,,N,N,0
UDR,Real Estate,41.09,41.12,-0.07,66.3,0.5,2026-07-02,,,,,,,N,N,0
VTR,Real Estate,92.52,92.86,-0.37,78.6,1.4,2026-07-02,,,,,,,N,N,0
WELL,Real Estate,236.06,236.06,0.0,79.1,1.1,2026-07-02,,,,,,,N,N,0
AEE,Utilities,115.02,118.32,-2.79,64.9,0.7,2026-06-26,,,,,,,N,N,0
AEP,Utilities,138.51,139.33,-0.59,73.4,1.4,2026-06-29,,,,,,,N,N,0
CNP,Utilities,44.61,45.22,-1.35,66.8,1.3,2026-06-29,27.4,2.55,1.17,2.156,206.0,1.63,N,N,2
DTE,Utilities,154.06,155.06,-0.64,73.1,1.0,2026-06-29,25.3,2.6,0.95,2.188,302.0,6.09,N,N,2
EVRG,Utilities,88.13,88.18,-0.06,73.9,0.7,2026-07-02,23.4,2.0,0.45,1.556,315.0,3.76,N,N,2
LNT,Utilities,78.03,78.21,-0.23,76.1,1.0,2026-07-02,24.5,2.72,0.69,1.595,267.0,3.18,N,N,2
NI,Utilities,47.82,49.21,-2.82,57.3,1.2,2026-06-29,23.8,2.37,0.65,1.409,251.0,2.01,N,N,2
PNW,Utilities,109.37,109.52,-0.14,75.0,0.8,2026-07-02,20.4,1.88,0.6,2.13,333.0,5.36,N,N,2
WEC,Utilities,118.83,119.06,-0.19,68.0,0.5,2026-06-29,,,,,,,N,N,0
