Ticker,Sector,Last Close,52W Low,% From Low,RSI,Vol vs Avg,Date Hit
T,Communication Services,20.58,19.89,3.47,30.1,1.6,2026-07-02
TMUS,Communication Services,177.52,165.66,7.16,41.3,0.8,2026-06-30
NKE,Consumer Discretionary,44.09,40.0,10.23,42.2,1.0,2026-06-26
ULTA,Consumer Discretionary,461.33,443.6,4.0,44.2,0.6,2026-06-30
KR,Consumer Staples,58.22,54.15,7.52,33.6,0.6,2026-07-01
CME,Financials,236.6,218.31,8.38,33.2,1.1,2026-06-29
COIN,Financials,165.48,139.18,18.9,53.4,1.1,2026-06-26
ICE,Financials,132.99,121.79,9.2,42.1,0.7,2026-06-29
NDAQ,Financials,84.66,76.55,10.59,47.0,0.9,2026-06-30
BSX,Health Care,45.14,42.25,6.84,40.4,1.2,2026-06-30
ZTS,Health Care,74.8,71.47,4.66,34.1,0.4,2026-06-30
CPRT,Industrials,30.01,27.85,7.76,44.8,1.1,2026-06-30
LDOS,Industrials,108.84,98.86,10.1,32.1,1.1,2026-06-30
ROL,Industrials,43.38,41.5,4.53,28.7,0.9,2026-06-30
CTSH,Information Technology,41.99,37.08,13.24,28.0,0.7,2026-06-30
AAPG,Other,18.5,16.36,13.08,68.7,0.7,2026-06-26
ABTC,Other,0.56,0.56,0.0,13.4,4.7,2026-07-02
ACTU,Other,1.52,1.4,8.57,23.6,0.9,2026-07-01
ADGM,Other,0.64,0.62,3.23,23.1,2.1,2026-06-26
AEMD,Other,0.71,0.65,9.23,8.4,0.4,2026-07-01
AIFC,Other,0.6,0.54,11.11,42.3,0.7,2026-06-26
AIRE,Other,1.88,1.81,3.87,42.6,0.6,2026-06-26
ALPS,Other,0.59,0.56,5.36,27.6,1.2,2026-07-02
ANTA,Other,5.39,4.71,14.44,35.7,1.5,2026-06-30
ARAY,Other,0.25,0.25,0.0,27.0,1.1,2026-06-30
ARKR,Other,5.85,5.6,4.46,43.6,1.0,2026-06-26
ARTL,Other,1.11,1.03,7.77,24.4,0.4,2026-06-29
ATXG,Other,3.53,2.91,21.31,34.5,0.2,2026-06-30
AVAT,Other,0.52,0.44,18.18,12.6,1.4,2026-07-01
BEEP,Other,1.5,1.29,16.28,36.8,0.5,2026-06-30
BGIN,Other,1.97,1.75,12.57,28.5,0.8,2026-06-30
BGL,Other,0.26,0.24,8.33,20.5,0.3,2026-06-29
BGMS,Other,1.06,0.57,85.96,57.9,0.0,2026-06-26
BHFAL,Other,15.64,15.13,3.37,32.3,1.2,2026-06-30
BIOX,Other,0.33,0.31,6.45,23.0,0.5,2026-06-26
BIYA,Other,0.63,0.28,125.0,33.3,0.5,2026-06-29
BJDX,Other,1.14,1.03,10.68,11.0,0.7,2026-07-02
BMRA,Other,1.75,1.73,1.16,24.2,0.7,2026-06-29
BNBX,Other,0.36,0.32,12.5,32.3,0.4,2026-06-30
BON,Other,1.18,1.1,7.27,21.1,0.5,2026-06-30
BRFH,Other,1.95,1.92,1.56,28.8,0.1,2026-07-01
BRLT,Other,1.14,1.0,14.0,42.3,0.4,2026-07-01
BRR,Other,1.65,1.31,25.95,46.7,1.2,2026-06-29
BTCT,Other,1.06,0.61,73.77,40.2,0.5,2026-06-29
BTOG,Other,1.28,1.13,13.27,28.1,0.7,2026-06-30
BYAH,Other,0.84,0.82,2.44,43.0,0.0,2026-07-02
BZ,Other,13.0,12.57,3.42,43.0,0.6,2026-06-26
CBAT,Other,0.61,0.55,10.91,32.4,1.0,2026-06-29
CCLD,Other,2.22,2.07,7.25,43.2,1.0,2026-06-26
CCOI,Other,12.99,12.33,5.35,38.8,1.6,2026-06-29
CDLX,Other,4.47,4.26,4.93,36.2,0.6,2026-07-02
CDT,Other,0.49,0.47,4.26,44.1,0.0,2026-07-02
CELU,Other,0.62,0.56,10.71,36.5,0.4,2026-06-30
CELZ,Other,1.21,0.79,53.16,33.9,0.2,2026-06-29
CETX,Other,2.97,2.59,14.67,26.4,18.2,2026-07-02
CG,Other,42.83,39.6,8.16,43.2,0.5,2026-06-29
CHAI,Other,0.65,0.63,3.17,6.2,0.0,2026-06-29
CLPS,Other,0.82,0.8,2.5,16.3,0.9,2026-07-02
CMCT,Other,3.47,3.01,15.28,27.6,0.2,2026-06-30
CMND,Other,2.36,2.04,15.69,14.0,0.0,2026-06-29
CNXC,Other,23.6,19.12,23.43,40.3,1.0,2026-06-30
COSM,Other,0.24,0.16,50.0,58.3,1.0,2026-06-30
CPOP,Other,0.08,0.08,0.0,1.7,0.1,2026-07-02
CSPI,Other,8.23,7.51,9.59,37.8,0.3,2026-06-30
CTSO,Other,0.39,0.35,11.43,50.2,0.4,2026-06-29
CURX,Other,0.25,0.25,0.0,26.4,0.8,2026-07-02
CWD,Other,1.23,0.57,115.79,71.8,19.9,2026-06-26
CYCU,Other,0.58,0.54,7.41,44.5,0.4,2026-07-02
DAIC,Other,1.85,1.58,17.09,42.3,0.0,2026-06-26
DCGO,Other,0.56,0.45,24.44,46.4,0.3,2026-06-26
DFNS,Other,0.16,0.16,0.0,13.4,0.1,2026-07-02
DGNX,Other,1.15,0.85,35.29,56.4,0.3,2026-06-26
DH,Other,0.78,0.62,25.81,43.4,0.4,2026-06-26
DJT,Other,8.54,6.96,22.7,53.1,1.2,2026-06-26
DLHC,Other,5.26,5.12,2.73,30.9,0.3,2026-06-26
DSACU,Other,10.41,10.0,4.1,,0.0,2026-06-30
DUO,Other,0.74,0.59,25.42,27.8,0.1,2026-06-30
EDBL,Other,0.13,0.12,8.33,21.8,0.4,2026-07-02
EH,Other,6.31,5.97,5.7,43.4,0.4,2026-06-29
EHGO,Other,2.08,1.12,85.71,53.1,0.1,2026-06-30
ELAB,Other,1.18,1.07,10.28,21.2,0.5,2026-07-02
ENLV,Other,0.53,0.52,1.92,6.8,1.6,2026-07-02
EVGN,Other,0.43,0.37,16.22,19.2,0.0,2026-06-26
EXLS,Other,27.02,24.85,8.73,41.0,0.8,2026-06-30
EZRA,Other,3.08,3.03,1.65,29.3,0.9,2026-06-29
FAMI,Other,0.19,0.18,5.56,31.9,3.5,2026-07-02
FEED,Other,0.52,0.51,1.96,16.7,0.1,2026-06-30
FGL,Other,1.46,1.33,9.77,27.6,0.0,2026-06-26
FIZZ,Other,33.33,30.75,8.39,33.7,2.5,2026-06-30
FKWL,Other,2.54,2.5,1.6,32.8,0.1,2026-06-29
FLD,Other,0.48,0.44,9.09,34.6,0.0,2026-06-30
FLNA,Other,1.23,1.15,6.96,40.0,1.9,2026-06-26
FLZH,Other,1.8,1.6,12.5,35.5,0.2,2026-06-30
FMST,Other,1.51,1.33,13.53,44.4,1.4,2026-07-01
FNGR,Other,0.39,0.38,2.63,18.2,0.2,2026-06-30
FNUC,Other,1.7,1.35,25.93,38.9,0.6,2026-06-30
FUFU,Other,1.39,1.31,6.11,36.4,1.3,2026-07-01
FWDI,Other,4.81,3.48,38.22,58.9,1.3,2026-06-26
GAIA,Other,2.08,2.03,2.46,21.7,0.5,2026-06-30
GAMB,Other,2.0,1.89,5.82,20.2,0.6,2026-06-30
GDC,Other,2.42,0.01,24100.0,84.1,0.0,2026-06-26
GDHG,Other,1.32,1.06,24.53,43.7,0.0,2026-06-26
GEMI,Other,4.23,3.83,10.44,42.9,1.1,2026-06-26
GEOS,Other,6.72,6.28,7.01,30.8,0.5,2026-06-29
GFAI,Other,0.39,0.35,11.43,32.9,0.4,2026-06-26
GIPR,Other,0.18,0.16,12.5,38.8,0.5,2026-07-01
GMEX,Other,3.89,3.08,26.3,19.9,1.3,2026-06-30
GMM,Other,2.32,2.25,3.11,38.7,0.0,2026-07-02
GOGO,Other,3.57,3.02,18.21,47.1,0.7,2026-06-30
GRI,Other,1.87,1.7,10.0,33.6,0.3,2026-07-01
GSM,Other,3.27,3.1,5.48,28.5,1.1,2026-06-29
GSUN,Other,0.37,0.29,27.59,38.2,0.8,2026-06-29
GWAV,Other,3.14,2.86,9.79,40.3,0.2,2026-06-30
HAIN,Other,0.53,0.53,0.0,32.2,0.6,2026-06-29
HCTI,Other,1.89,1.73,9.25,28.2,0.1,2026-07-01
HDRN,Other,2.0,1.71,16.96,20.0,0.3,2026-06-26
HHS,Other,2.25,2.07,8.7,39.8,2.6,2026-06-26
HKIT,Other,0.17,0.15,13.33,14.6,0.1,2026-07-02
HOWL,Other,0.34,0.27,25.93,39.3,0.8,2026-06-29
HTZ,Other,2.12,2.09,1.44,10.8,1.2,2026-07-02
HXHX,Other,0.48,0.32,50.0,34.7,0.0,2026-06-30
HYFM,Other,0.79,0.72,9.72,34.6,0.2,2026-07-01
ICMB,Other,0.97,0.86,12.79,31.7,0.5,2026-07-01
IMNN,Other,1.91,1.7,12.35,38.9,0.4,2026-06-29
INLF,Other,0.02,0.02,0.0,4.7,0.5,2026-07-02
INTJ,Other,3.56,3.18,11.95,33.7,0.3,2026-06-30
INTZ,Other,0.8,0.66,21.21,53.9,0.2,2026-06-26
IPDN,Other,0.63,0.55,14.55,52.6,0.4,2026-06-26
IPST,Other,2.48,2.1,18.1,28.4,0.2,2026-06-30
IPW,Other,1.99,1.84,8.15,19.1,4.6,2026-07-02
ISPR,Other,1.23,1.07,14.95,35.7,0.5,2026-07-01
IZM,Other,0.37,0.26,42.31,34.1,0.5,2026-07-01
JSPR,Other,0.43,0.31,38.71,45.8,0.4,2026-06-29
KALA,Other,1.68,1.62,3.7,39.5,0.4,2026-07-01
KDK,Other,5.32,5.0,6.4,35.6,0.7,2026-06-26
KIDZ,Other,0.68,0.63,7.94,8.2,0.0,2026-06-30
KMRK,Other,0.95,0.78,21.79,28.0,0.1,2026-06-26
KNDI,Other,0.72,0.57,26.32,54.6,0.1,2026-06-29
KUST,Other,1.08,0.85,27.06,35.2,0.2,2026-06-26
KWM,Other,0.15,0.14,7.14,11.9,0.2,2026-07-01
KXIN,Other,4.03,3.9,3.33,28.0,0.0,2026-06-30
LAB,Other,0.91,0.7,30.0,50.3,0.7,2026-06-26
LE,Other,10.88,9.56,13.81,35.5,1.2,2026-06-30
LGCL,Other,1.65,0.65,153.85,47.6,2.6,2026-06-29
LGO,Other,0.78,0.62,25.81,47.6,2.1,2026-06-29
LPSN,Other,1.93,1.8,7.22,38.8,0.8,2026-06-26
LTBR,Other,8.64,8.42,2.61,43.5,0.8,2026-06-26
MAT,Other,13.34,13.17,1.29,28.0,1.1,2026-07-02
MDXH,Other,0.48,0.4,20.0,37.2,1.0,2026-06-30
MERC,Other,0.78,0.64,21.88,40.4,3.2,2026-07-01
MGN,Other,0.13,0.12,8.33,45.1,0.0,2026-07-01
MIMI,Other,2.25,2.0,12.5,37.2,0.0,2026-06-30
MIND,Other,4.76,4.66,2.15,35.3,0.6,2026-06-30
MKZR,Other,1.78,1.62,9.88,23.4,1.0,2026-06-29
MRLN,Other,5.28,4.76,10.92,30.0,0.5,2026-06-29
MSS,Other,0.72,0.64,12.5,20.4,0.2,2026-06-26
MSTR,Other,100.77,81.81,23.18,39.2,1.2,2026-06-26
MTEK,Other,0.99,0.94,5.32,26.7,0.3,2026-07-01
MVIS,Other,0.38,0.26,46.15,52.4,0.7,2026-06-29
MVST,Other,1.12,1.07,4.67,49.2,0.8,2026-06-29
NAGE,Other,3.43,3.18,7.86,50.0,0.7,2026-06-30
NAKA,Other,3.86,3.78,2.12,35.5,1.4,2026-06-30
NCRA,Other,0.07,0.06,16.67,29.0,0.3,2026-07-02
NEGG,Other,14.91,14.54,2.54,19.7,1.1,2026-07-02
NEON,Other,0.93,0.72,29.17,29.1,0.3,2026-06-29
NEUP,Other,3.38,3.19,5.96,23.9,1.1,2026-07-01
NEXM,Other,2.42,2.2,10.0,43.2,0.5,2026-06-26
NFE,Other,0.36,0.32,12.5,26.5,0.6,2026-06-26
NHTC,Other,1.84,1.55,18.71,30.4,0.6,2026-06-26
NIVF,Other,0.46,0.43,6.98,41.3,0.1,2026-07-02
NMTC,Other,3.0,2.89,3.81,37.9,0.6,2026-06-30
NSPR,Other,0.7,0.63,11.11,45.8,1.2,2026-06-26
NTCL,Other,0.09,0.09,0.0,6.5,0.3,2026-07-02
NVX,Other,0.45,0.42,7.14,15.6,0.4,2026-06-29
NWTG,Other,0.82,0.8,2.5,27.5,0.9,2026-07-02
NXTC,Other,1.88,1.55,21.29,40.6,0.4,2026-06-26
OLED,Other,78.7,77.15,2.01,34.6,1.1,2026-07-02
OMH,Other,0.5,0.45,11.11,19.4,0.1,2026-06-30
ORBS,Other,0.71,0.68,4.41,35.2,0.5,2026-06-30
ORIO,Other,0.87,0.81,7.41,47.3,1.3,2026-07-01
OSRH,Other,0.32,0.3,6.67,24.1,1.7,2026-07-01
OYSER,Other,0.11,0.11,0.0,,0.0,2026-07-02
PATK,Other,85.03,82.35,3.25,48.7,2.4,2026-06-30
PAVS,Other,7.02,0.07,9928.57,92.0,0.0,2026-06-26
PAX,Other,11.1,10.56,5.11,38.9,0.8,2026-06-29
PFSA,Other,0.09,0.08,12.5,20.5,0.8,2026-07-02
PLCE,Other,2.9,2.76,5.07,27.5,1.0,2026-06-26
PLUR,Other,2.11,1.99,6.03,41.9,0.2,2026-06-26
PMAX,Other,1.82,1.66,9.64,45.8,0.1,2026-07-02
PRPL,Other,0.36,0.34,5.88,27.4,0.5,2026-06-30
PRSO,Other,0.82,0.76,7.89,31.6,0.8,2026-06-26
PRZO,Other,0.47,0.45,4.44,27.4,0.3,2026-06-26
PSHG,Other,1.64,1.61,1.86,39.0,1.4,2026-07-02
PSIG,Other,1.27,1.03,23.3,15.0,0.2,2026-06-29
PSNYW,Other,2.41,2.1,14.76,36.8,0.0,2026-06-30
RCON,Other,0.42,0.38,10.53,26.5,0.8,2026-06-30
RCT,Other,0.24,0.22,9.09,17.2,0.2,2026-07-02
REFR,Other,0.55,0.48,14.58,29.4,0.9,2026-06-26
REKR,Other,0.68,0.6,13.33,46.2,0.4,2026-06-26
RENT,Other,3.45,3.01,14.62,46.9,1.4,2026-06-30
RGC,Other,6.37,5.8,9.83,13.7,2.3,2026-06-30
RKDA,Other,0.73,0.63,15.87,20.6,0.0,2026-07-01
RMCF,Other,1.09,0.84,29.76,30.0,0.4,2026-06-29
RMTI,Other,5.54,0.55,907.27,96.6,0.3,2026-06-29
RPGL,Other,1.85,1.8,2.78,24.4,0.1,2026-07-02
RUBI,Other,5.1,4.75,7.37,18.5,0.0,2026-07-01
SAMG,Other,10.53,10.01,5.19,47.2,0.4,2026-07-01
SBET,Other,5.31,4.46,19.06,47.7,1.5,2026-06-26
SDST,Other,1.7,1.52,11.84,41.1,0.4,2026-07-01
SEER,Other,1.62,1.55,4.52,36.7,4.2,2026-07-02
SGLY,Other,0.31,0.3,3.33,31.4,0.3,2026-07-01
SHOE,Other,15.09,14.79,2.03,26.9,0.9,2026-06-30
SHPH,Other,3.58,2.9,23.45,42.3,0.1,2026-06-29
SIEB,Other,1.69,1.56,8.33,40.5,0.2,2026-06-29
SIGA,Other,3.86,3.56,8.43,29.7,0.9,2026-06-30
SINT,Other,1.9,1.8,5.56,30.9,0.5,2026-06-29
SKYX,Other,1.04,0.95,9.47,48.1,0.6,2026-06-26
SLSN,Other,0.68,0.68,0.0,23.4,0.3,2026-07-02
SMXT,Other,0.35,0.29,20.69,31.2,0.1,2026-06-26
SNT,Other,1.9,1.89,0.53,11.6,2.0,2026-07-02
SPWR,Other,0.63,0.58,8.62,22.5,0.5,2026-06-26
SSNC,Other,65.52,61.4,6.71,42.1,0.7,2026-06-30
STEP,Other,41.13,38.85,5.87,48.4,2.6,2026-06-29
SUIG,Other,1.24,1.07,15.89,41.1,1.0,2026-06-30
SURG,Other,0.57,0.34,67.65,64.4,14.0,2026-06-30
SWVL,Other,1.4,1.3,7.69,50.7,0.1,2026-06-30
TDIC,Other,4.82,4.82,0.0,33.7,0.0,2026-07-02
TDTH,Other,1.57,1.27,23.62,29.9,0.2,2026-06-30
TMS,Other,7.5,7.01,6.99,33.4,0.3,2026-06-30
TNON,Other,0.29,0.27,7.41,35.0,3.3,2026-07-02
TRNR,Other,4.2,0.44,854.55,85.1,0.0,2026-06-26
TRUG,Other,1.33,1.22,9.02,35.4,1.5,2026-06-26
TTEC,Other,2.15,1.91,12.57,41.4,0.7,2026-06-30
TVRD,Other,2.02,1.5,34.67,33.0,0.3,2026-06-26
UONE,Other,5.39,5.1,5.69,44.5,0.3,2026-06-26
UPLD,Other,4.9,4.0,22.5,21.1,0.9,2026-06-29
UZX,Other,0.27,0.19,42.11,24.5,1.1,2026-07-02
VEEA,Other,0.23,0.18,27.78,5.2,0.3,2026-06-29
VIVK,Other,0.33,0.31,6.45,12.4,0.1,2026-06-30
VIVS,Other,0.98,0.95,3.16,30.4,1.1,2026-07-02
VMAR,Other,1.44,1.41,2.13,24.8,0.6,2026-07-02
VRME,Other,0.62,0.59,5.08,34.0,0.7,2026-06-29
VRXA,Other,2.04,1.7,20.0,6.3,8.5,2026-07-01
VSEE,Other,0.11,0.1,10.0,18.9,0.3,2026-06-26
VSTD,Other,0.21,0.2,5.0,30.0,0.4,2026-06-26
VTGN,Other,0.25,0.2,25.0,33.3,1.0,2026-06-30
WIMI,Other,1.53,1.43,6.99,35.0,0.4,2026-06-26
WRAP,Other,1.41,1.04,35.58,58.0,0.8,2026-06-26
XCH,Other,0.57,0.54,5.56,48.3,2.4,2026-07-02
XELLL,Other,23.67,23.35,1.37,47.6,0.6,2026-06-26
XPON,Other,0.45,0.43,4.65,36.7,0.5,2026-06-29
XXII,Other,4.01,3.74,7.22,23.1,0.5,2026-06-29
YDDL,Other,2.09,1.95,7.18,12.9,0.9,2026-07-01
YDES,Other,1.9,1.7,11.76,25.3,4.0,2026-07-02
YHC,Other,0.05,0.04,25.0,25.0,2.4,2026-07-02
YOOV,Other,0.7,0.36,94.44,56.3,0.2,2026-06-30
YYGH,Other,1.25,1.11,12.61,20.8,0.1,2026-07-01
ZBAO,Other,0.44,0.4,10.0,24.4,0.4,2026-07-01
ZCMD,Other,1.11,0.3,270.0,62.0,0.1,2026-06-26
ZSTK,Other,3.35,3.0,11.67,24.5,1.8,2026-06-30
ZYBT,Other,0.65,0.62,4.84,22.4,0.1,2026-07-02
CCI,Real Estate,76.6,74.33,3.05,23.5,0.8,2026-07-01
CSGP,Real Estate,30.0,28.18,6.46,38.7,0.6,2026-06-30
CEG,Utilities,239.25,228.63,4.65,44.9,1.0,2026-07-01
