Signal,Ticker,Sector,Last Close,52W Extreme,% From Extreme,RSI,Vol vs Avg,Date Hit
NEW_HIGH,EA,Communication Services,205.21,206.0,-0.38,70.4,1.0,2026-07-02
NEW_HIGH,LYV,Communication Services,186.59,187.64,-0.56,74.8,0.7,2026-07-01
NEW_HIGH,ABNB,Consumer Discretionary,148.93,150.19,-0.84,72.8,0.9,2026-06-29
NEW_HIGH,KO,Consumer Staples,84.14,84.14,0.0,60.0,0.7,2026-07-02
NEW_HIGH,MNST,Consumer Staples,97.6,98.93,-1.34,72.5,0.9,2026-07-02
NEW_HIGH,MO,Consumer Staples,72.71,74.15,-1.94,59.5,0.7,2026-06-29
NEW_HIGH,VLO,Energy,267.76,274.92,-2.6,58.1,0.6,2026-07-02
NEW_HIGH,AFL,Financials,120.88,120.88,0.0,62.4,0.6,2026-07-02
NEW_HIGH,AIZ,Financials,279.48,279.5,-0.01,77.9,0.5,2026-07-02
NEW_HIGH,ALL,Financials,250.33,250.38,-0.02,83.9,0.8,2026-07-02
NEW_HIGH,BEN,Financials,34.11,34.55,-1.27,71.9,0.7,2026-07-02
NEW_HIGH,CB,Financials,361.17,361.33,-0.04,77.9,0.9,2026-07-02
NEW_HIGH,CFG,Financials,70.98,72.4,-1.96,71.6,1.0,2026-07-02
NEW_HIGH,CINF,Financials,192.03,192.09,-0.03,89.4,0.8,2026-07-02
NEW_HIGH,EG,Financials,371.35,372.36,-0.27,82.4,0.6,2026-07-02
NEW_HIGH,FITB,Financials,57.16,58.15,-1.7,70.3,0.5,2026-07-01
NEW_HIGH,GL,Financials,180.49,182.32,-1.0,93.6,0.7,2026-07-01
NEW_HIGH,L,Financials,116.52,116.58,-0.05,80.7,0.4,2026-07-02
NEW_HIGH,MET,Financials,90.06,90.06,0.0,56.7,0.8,2026-07-02
NEW_HIGH,MTB,Financials,238.88,243.57,-1.93,64.6,0.6,2026-07-02
NEW_HIGH,PNC,Financials,249.49,254.0,-1.78,69.0,0.4,2026-07-02
NEW_HIGH,RF,Financials,30.28,31.04,-2.45,64.9,0.6,2026-07-02
NEW_HIGH,TROW,Financials,118.55,118.64,-0.08,77.4,0.6,2026-07-02
NEW_HIGH,TRV,Financials,342.31,342.31,0.0,88.6,0.5,2026-07-02
NEW_HIGH,USB,Financials,61.73,62.38,-1.04,71.7,0.6,2026-07-02
NEW_HIGH,V,Financials,362.13,362.13,0.0,86.2,0.8,2026-07-02
NEW_HIGH,ABBV,Health Care,261.07,261.64,-0.22,77.1,0.6,2026-07-02
NEW_HIGH,BIIB,Health Care,216.12,219.72,-1.64,66.8,0.9,2026-06-29
NEW_HIGH,CAH,Health Care,238.94,240.84,-0.79,77.2,0.6,2026-07-02
NEW_HIGH,CNC,Health Care,67.86,69.29,-2.06,61.4,0.7,2026-07-02
NEW_HIGH,CRL,Health Care,230.69,236.62,-2.51,83.9,0.8,2026-07-01
NEW_HIGH,CVS,Health Care,104.72,106.15,-1.35,64.9,0.6,2026-06-26
NEW_HIGH,DGX,Health Care,215.72,217.41,-0.78,67.3,0.7,2026-07-02
NEW_HIGH,DVA,Health Care,234.91,236.51,-0.68,90.9,0.8,2026-07-02
NEW_HIGH,ELV,Health Care,417.89,427.07,-2.15,60.5,0.7,2026-07-02
NEW_HIGH,EW,Health Care,94.37,94.47,-0.11,73.8,0.5,2026-07-02
NEW_HIGH,HUM,Health Care,396.75,415.0,-4.4,65.0,0.9,2026-07-02
NEW_HIGH,INCY,Health Care,116.86,118.69,-1.54,63.2,1.1,2026-07-02
NEW_HIGH,JNJ,Health Care,263.04,263.09,-0.02,71.0,0.9,2026-07-02
NEW_HIGH,LLY,Health Care,1213.91,1238.0,-1.95,60.4,0.7,2026-06-29
NEW_HIGH,MRK,Health Care,129.56,130.29,-0.56,65.7,0.4,2026-06-30
NEW_HIGH,MRNA,Health Care,79.76,81.4,-2.01,86.0,1.4,2026-07-02
NEW_HIGH,UNH,Health Care,425.36,430.2,-1.13,64.0,0.5,2026-07-02
NEW_HIGH,VRTX,Health Care,528.04,529.14,-0.21,90.0,1.0,2026-07-02
NEW_HIGH,WST,Health Care,365.74,367.57,-0.5,82.7,0.7,2026-07-02
NEW_HIGH,CAT,Industrials,963.53,1073.46,-10.24,57.1,0.9,2026-06-30
NEW_HIGH,CSX,Industrials,48.89,49.21,-0.65,61.2,1.1,2026-07-02
NEW_HIGH,DAL,Industrials,92.75,95.68,-3.06,83.3,0.6,2026-07-02
NEW_HIGH,GD,Industrials,373.54,373.6,-0.02,61.5,0.9,2026-07-02
NEW_HIGH,GE,Industrials,377.52,382.97,-1.42,91.0,0.5,2026-07-02
NEW_HIGH,HON,Industrials,229.86,252.0,-8.79,61.5,0.8,2026-06-29
NEW_HIGH,JBHT,Industrials,285.83,294.98,-3.1,47.2,0.7,2026-07-01
NEW_HIGH,JCI,Industrials,140.76,151.18,-6.89,46.5,1.0,2026-07-01
NEW_HIGH,MAS,Industrials,82.77,83.21,-0.53,78.7,0.7,2026-07-02
NEW_HIGH,ROK,Industrials,471.7,497.36,-5.16,55.7,0.8,2026-06-30
NEW_HIGH,SNA,Industrials,412.09,412.33,-0.06,71.8,1.1,2026-07-02
NEW_HIGH,SWK,Industrials,91.9,95.16,-3.43,67.2,0.7,2026-07-01
NEW_HIGH,UAL,Industrials,133.32,138.77,-3.93,78.6,0.7,2026-06-30
NEW_HIGH,UNP,Industrials,282.25,282.8,-0.19,64.0,0.8,2026-07-02
NEW_HIGH,AMAT,Information Technology,603.04,739.67,-18.47,54.9,1.1,2026-06-30
NEW_HIGH,AMD,Information Technology,517.82,584.73,-11.44,54.6,0.9,2026-06-30
NEW_HIGH,APH,Information Technology,164.59,178.52,-7.8,61.7,0.6,2026-06-30
NEW_HIGH,CRWD,Information Technology,193.98,199.53,-2.78,75.8,0.6,2026-07-02
NEW_HIGH,FFIV,Information Technology,408.14,427.54,-4.54,58.6,0.9,2026-06-30
NEW_HIGH,FTNT,Information Technology,156.25,159.8,-2.22,65.4,0.7,2026-07-01
NEW_HIGH,GLW,Information Technology,196.79,271.78,-27.59,54.9,1.1,2026-06-30
NEW_HIGH,INTC,Information Technology,120.35,142.35,-15.45,51.9,0.9,2026-06-30
NEW_HIGH,KLAC,Information Technology,235.55,307.37,-23.37,48.8,1.4,2026-06-30
NEW_HIGH,LRCX,Information Technology,351.41,438.5,-19.86,48.3,1.3,2026-06-30
NEW_HIGH,PANW,Information Technology,348.06,358.1,-2.8,84.3,1.0,2026-07-01
NEW_HIGH,TER,Information Technology,369.09,487.91,-24.35,48.5,1.0,2026-06-30
NEW_HIGH,APD,Materials,314.19,314.28,-0.03,76.4,0.8,2026-07-02
NEW_HIGH,CTVA,Materials,85.8,85.95,-0.17,88.8,0.5,2026-07-01
NEW_HIGH,IFF,Materials,83.83,83.83,0.0,70.0,0.8,2026-07-02
NEW_HIGH,LIN,Materials,546.64,547.22,-0.11,68.3,0.8,2026-07-02
NEW_HIGH,AAL,Other,17.92,18.79,-4.63,87.9,0.9,2026-07-02
NEW_HIGH,ABCL,Other,8.11,8.42,-3.68,81.6,1.1,2026-06-29
NEW_HIGH,ABSI,Other,11.62,12.06,-3.65,79.7,0.6,2026-06-29
NEW_HIGH,ACHC,Other,31.91,32.81,-2.74,79.4,1.2,2026-07-02
NEW_HIGH,ACHV,Other,6.4,7.11,-9.99,65.6,0.6,2026-07-01
NEW_HIGH,ACIW,Other,54.88,54.95,-0.13,81.7,1.1,2026-07-02
NEW_HIGH,ACMR,Other,97.77,127.19,-23.13,53.1,1.5,2026-06-30
NEW_HIGH,ACNB,Other,60.25,61.72,-2.38,64.1,0.8,2026-07-02
NEW_HIGH,ACRS,Other,5.56,5.69,-2.28,87.4,0.9,2026-07-01
NEW_HIGH,ACT,Other,45.34,46.0,-1.43,79.2,0.7,2026-06-30
NEW_HIGH,ADAG,Other,4.47,4.85,-7.84,69.3,0.3,2026-07-01
NEW_HIGH,ADPT,Other,21.19,22.8,-7.06,63.2,0.8,2026-07-02
NEW_HIGH,AFBI,Other,22.58,22.6,-0.09,61.7,2.6,2026-07-02
NEW_HIGH,AIP,Other,35.06,50.26,-30.24,46.9,1.5,2026-06-30
NEW_HIGH,AIRT,Other,28.87,28.87,0.0,72.8,2.6,2026-07-02
NEW_HIGH,ALAB,Other,406.42,499.48,-18.63,55.6,1.1,2026-06-30
NEW_HIGH,ALDF,Other,10.72,10.72,0.0,64.3,0.0,2026-07-02
NEW_HIGH,ALF,Other,10.89,10.99,-0.91,68.1,0.0,2026-06-29
NEW_HIGH,ALGM,Other,55.49,71.77,-22.68,56.7,1.3,2026-06-30
NEW_HIGH,ALGT,Other,118.67,123.63,-4.01,93.5,0.8,2026-07-02
NEW_HIGH,ALHC,Other,23.8,24.3,-2.06,79.2,0.7,2026-07-02
NEW_HIGH,ALIS,Other,10.18,10.25,-0.68,66.7,3.2,2026-07-02
NEW_HIGH,ALKS,Other,54.58,55.28,-1.27,76.5,0.6,2026-06-26
NEW_HIGH,ALRS,Other,31.11,31.86,-2.35,69.0,0.8,2026-07-01
NEW_HIGH,ALTO,Other,5.56,6.11,-9.0,48.5,0.9,2026-07-01
NEW_HIGH,AMAL,Other,46.04,47.89,-3.86,60.1,0.7,2026-07-01
NEW_HIGH,AMLX,Other,18.27,19.15,-4.6,85.5,0.7,2026-06-30
NEW_HIGH,AMRX,Other,17.15,17.86,-3.98,67.7,0.6,2026-06-26
NEW_HIGH,AOUT,Other,13.37,13.78,-2.98,67.8,0.8,2026-06-29
NEW_HIGH,APAC,Other,10.12,10.18,-0.59,53.3,0.3,2026-06-30
NEW_HIGH,APGE,Other,132.91,133.85,-0.7,91.3,0.5,2026-07-02
NEW_HIGH,APOG,Other,40.57,50.88,-20.26,51.8,0.8,2026-06-26
NEW_HIGH,APPS,Other,12.71,13.6,-6.54,68.4,0.9,2026-07-02
NEW_HIGH,APXT,Other,10.08,10.1,-0.2,68.2,0.1,2026-07-01
NEW_HIGH,AROW,Other,41.29,42.44,-2.71,69.4,0.8,2026-07-02
NEW_HIGH,ARTNA,Other,34.39,34.82,-1.23,73.9,1.0,2026-07-02
NEW_HIGH,ASML,Other,1769.32,1999.96,-11.53,43.4,1.1,2026-06-30
NEW_HIGH,ASND,Other,274.5,274.89,-0.14,93.2,0.6,2026-07-02
NEW_HIGH,ASTH,Other,49.17,51.59,-4.69,83.3,1.3,2026-07-02
NEW_HIGH,ATEX,Other,105.14,111.9,-6.04,73.0,1.0,2026-07-02
NEW_HIGH,ATLC,Other,96.4,112.61,-14.39,56.8,1.1,2026-06-26
NEW_HIGH,AUBN,Other,27.63,28.88,-4.33,70.2,0.3,2026-06-26
NEW_HIGH,AVBH,Other,32.96,34.17,-3.54,62.0,0.5,2026-07-02
NEW_HIGH,AVBP,Other,34.67,35.83,-3.24,75.2,0.8,2026-06-26
NEW_HIGH,AXGN,Other,45.89,46.95,-2.26,62.8,1.5,2026-07-01
NEW_HIGH,BACC,Other,10.86,11.0,-1.27,81.4,0.6,2026-07-01
NEW_HIGH,BATRA,Other,57.61,57.83,-0.38,65.5,1.3,2026-07-01
NEW_HIGH,BATRK,Other,52.77,53.25,-0.9,57.4,0.5,2026-07-01
NEW_HIGH,BBCP,Other,11.11,12.19,-8.86,49.5,0.4,2026-07-02
NEW_HIGH,BBGI,Other,25.35,29.3,-13.48,54.7,0.9,2026-06-29
NEW_HIGH,BCAL,Other,20.86,21.5,-2.98,70.0,0.6,2026-07-02
NEW_HIGH,BCAX,Other,29.0,29.9,-3.01,90.5,0.9,2026-07-01
NEW_HIGH,BCML,Other,33.46,34.42,-2.79,64.1,0.5,2026-07-02
NEW_HIGH,BDSX,Other,21.99,24.92,-11.76,71.8,0.7,2026-07-01
NEW_HIGH,BELFA,Other,230.16,293.51,-21.58,39.0,0.5,2026-06-30
NEW_HIGH,BELFB,Other,266.94,335.29,-20.39,41.0,1.5,2026-06-30
NEW_HIGH,BFC,Other,151.8,154.29,-1.61,66.8,0.6,2026-07-01
NEW_HIGH,BFST,Other,30.64,31.57,-2.95,66.0,0.9,2026-07-02
NEW_HIGH,BHRB,Other,70.15,73.69,-4.8,63.9,0.6,2026-07-02
NEW_HIGH,BIOA,Other,25.1,25.8,-2.71,87.8,0.6,2026-06-29
NEW_HIGH,BIXI,Other,10.02,10.02,0.0,79.4,3.7,2026-07-02
NEW_HIGH,BJRI,Other,58.75,62.07,-5.35,70.4,0.6,2026-07-01
NEW_HIGH,BLFS,Other,28.11,30.0,-6.3,58.5,0.6,2026-06-29
NEW_HIGH,BLZE,Other,15.62,16.59,-5.85,90.7,0.6,2026-07-01
NEW_HIGH,BMRC,Other,28.43,30.34,-6.3,70.5,0.8,2026-07-02
NEW_HIGH,BOF,Other,4.78,5.25,-8.95,71.6,0.7,2026-07-01
NEW_HIGH,BOKF,Other,139.29,142.0,-1.91,65.5,0.7,2026-07-02
NEW_HIGH,BPOP,Other,167.26,169.6,-1.38,68.0,0.6,2026-07-02
NEW_HIGH,BPRN,Other,38.98,39.25,-0.69,65.1,0.8,2026-07-02
NEW_HIGH,BSET,Other,20.23,20.99,-3.62,88.4,2.3,2026-07-02
NEW_HIGH,BSRR,Other,41.09,41.96,-2.07,56.8,0.7,2026-07-02
NEW_HIGH,BSVN,Other,49.59,50.58,-1.96,74.1,1.3,2026-07-01
NEW_HIGH,BTSG,Other,69.03,70.9,-2.64,80.5,0.5,2026-07-02
NEW_HIGH,BUSE,Other,29.65,30.51,-2.82,62.9,0.8,2026-07-02
NEW_HIGH,BUUU,Other,21.8,27.45,-20.58,66.5,1.5,2026-07-02
NEW_HIGH,BVFL,Other,21.64,22.17,-2.39,73.1,0.4,2026-06-26
NEW_HIGH,BWB,Other,21.46,21.84,-1.74,70.6,0.5,2026-07-02
NEW_HIGH,BWFG,Other,58.6,60.5,-3.14,66.2,1.3,2026-07-02
NEW_HIGH,CAC,Other,54.58,56.22,-2.92,66.0,0.7,2026-07-02
NEW_HIGH,CACC,Other,657.12,666.23,-1.37,89.1,0.8,2026-07-02
NEW_HIGH,CADL,Other,9.83,11.36,-13.47,70.6,0.7,2026-06-30
NEW_HIGH,CAKE,Other,79.18,80.93,-2.16,67.9,1.0,2026-07-01
NEW_HIGH,CARE,Other,33.13,35.03,-5.42,73.3,0.9,2026-07-02
NEW_HIGH,CASS,Other,52.51,53.19,-1.28,72.4,0.8,2026-07-01
NEW_HIGH,CATY,Other,62.31,63.72,-2.21,63.3,0.6,2026-07-02
NEW_HIGH,CBC,Other,31.46,31.89,-1.35,74.4,0.9,2026-07-02
NEW_HIGH,CBFV,Other,38.14,38.39,-0.65,54.8,0.2,2026-06-26
NEW_HIGH,CBK,Other,33.4,33.83,-1.27,79.9,1.1,2026-07-02
NEW_HIGH,CBNK,Other,35.52,36.41,-2.44,67.3,0.8,2026-07-01
NEW_HIGH,CCBG,Other,49.63,51.04,-2.76,69.0,0.9,2026-06-26
NEW_HIGH,CCCC,Other,4.3,5.17,-16.83,62.9,0.7,2026-06-30
NEW_HIGH,CCNE,Other,33.69,34.92,-3.52,61.8,0.7,2026-07-02
NEW_HIGH,CCSI,Other,37.94,41.4,-8.36,67.2,0.7,2026-07-01
NEW_HIGH,CCXIU,Other,19.83,20.51,-3.32,94.7,1.4,2026-07-02
NEW_HIGH,CDNA,Other,29.19,30.0,-2.7,72.1,0.9,2026-07-02
NEW_HIGH,CDNL,Other,74.25,96.4,-22.98,56.6,1.7,2026-07-01
NEW_HIGH,CENTA,Other,38.43,39.99,-3.9,59.7,0.5,2026-07-02
NEW_HIGH,CEPV,Other,10.38,10.38,0.0,58.3,0.5,2026-07-02
NEW_HIGH,CERS,Other,3.16,3.2,-1.25,74.4,1.1,2026-07-02
NEW_HIGH,CFFI,Other,82.7,86.18,-4.04,58.9,0.6,2026-06-26
NEW_HIGH,CFFN,Other,8.45,8.69,-2.76,61.9,0.8,2026-07-02
NEW_HIGH,CGEM,Other,17.63,19.43,-9.26,80.6,0.7,2026-06-26
NEW_HIGH,CGNX,Other,67.8,72.88,-6.97,61.3,1.4,2026-06-30
NEW_HIGH,CGON,Other,70.36,77.0,-8.62,78.5,0.6,2026-06-30
NEW_HIGH,CHCO,Other,134.85,135.91,-0.78,65.5,0.7,2026-07-02
NEW_HIGH,CHMG,Other,74.5,76.52,-2.64,59.0,0.6,2026-07-01
NEW_HIGH,CIVB,Other,28.46,29.38,-3.13,63.9,0.8,2026-07-02
NEW_HIGH,CLBK,Other,21.17,21.59,-1.95,56.9,1.3,2026-07-01
NEW_HIGH,CLDX,Other,38.37,39.16,-2.02,86.3,0.5,2026-06-30
NEW_HIGH,CLOV,Other,5.26,5.59,-5.9,60.3,0.6,2026-06-29
NEW_HIGH,CLYM,Other,12.9,13.69,-5.77,69.3,0.7,2026-06-30
NEW_HIGH,CMPS,Other,13.62,15.4,-11.56,65.6,1.2,2026-06-29
NEW_HIGH,CNOB,Other,32.52,33.97,-4.27,53.2,1.1,2026-07-01
NEW_HIGH,CNXN,Other,72.43,75.3,-3.81,50.1,0.8,2026-07-01
NEW_HIGH,COFS,Other,33.92,34.9,-2.81,68.9,0.7,2026-06-30
NEW_HIGH,COHU,Other,59.27,74.6,-20.55,50.7,1.4,2026-06-30
NEW_HIGH,COLB,Other,31.72,32.77,-3.2,58.5,1.0,2026-07-02
NEW_HIGH,CORT,Other,90.21,91.0,-0.87,69.9,0.8,2026-07-01
NEW_HIGH,CPBI,Other,18.91,19.11,-1.05,66.4,0.4,2026-06-30
NEW_HIGH,CPIX,Other,6.37,7.32,-12.98,59.5,2.2,2026-07-02
NEW_HIGH,CRAQ,Other,10.32,10.32,0.0,84.6,0.5,2026-07-02
NEW_HIGH,CRWS,Other,2.95,3.04,-2.96,63.6,1.8,2026-07-02
NEW_HIGH,CSTE,Other,2.21,2.62,-15.65,77.2,4.1,2026-07-02
NEW_HIGH,CSWC,Other,23.73,24.13,-1.66,58.6,0.8,2026-07-02
NEW_HIGH,CTNM,Other,15.1,16.91,-10.7,70.2,0.8,2026-06-30
NEW_HIGH,CVBF,Other,22.81,23.33,-2.23,70.0,0.7,2026-07-02
NEW_HIGH,CWBC,Other,26.97,27.73,-2.74,65.1,0.7,2026-07-02
NEW_HIGH,CYTK,Other,86.49,88.31,-2.06,88.9,0.8,2026-06-30
NEW_HIGH,CZFS,Other,72.21,74.7,-3.33,61.2,0.6,2026-07-01
NEW_HIGH,CZNC,Other,23.63,24.08,-1.87,67.0,0.8,2026-07-02
NEW_HIGH,CZWI,Other,23.67,24.42,-3.07,73.1,1.4,2026-07-02
NEW_HIGH,DAVE,Other,387.36,404.44,-4.22,82.2,0.9,2026-07-01
NEW_HIGH,DFTX,Other,44.19,49.2,-10.18,83.1,0.5,2026-06-30
NEW_HIGH,DGICB,Other,21.78,24.0,-9.25,57.6,0.0,2026-06-26
NEW_HIGH,DGII,Other,72.15,76.41,-5.58,62.5,1.2,2026-07-01
NEW_HIGH,DMAA,Other,10.65,10.65,0.0,75.0,0.0,2026-07-02
NEW_HIGH,DNLI,Other,25.83,26.8,-3.62,86.6,0.7,2026-07-02
NEW_HIGH,DNTH,Other,94.34,98.7,-4.42,72.5,0.5,2026-06-30
NEW_HIGH,DRH,Other,12.08,12.45,-2.97,58.7,0.8,2026-06-26
NEW_HIGH,DRTS,Other,13.23,13.23,0.0,81.8,1.3,2026-07-02
NEW_HIGH,DWSN,Other,5.89,6.25,-5.76,67.3,1.5,2026-07-01
NEW_HIGH,EBC,Other,22.36,22.89,-2.32,72.2,0.4,2026-07-02
NEW_HIGH,EBMT,Other,23.64,24.66,-4.14,52.4,0.6,2026-07-01
NEW_HIGH,ECBK,Other,20.2,20.5,-1.46,56.0,0.4,2026-07-02
NEW_HIGH,ECPG,Other,90.61,94.6,-4.22,79.5,1.2,2026-07-01
NEW_HIGH,EFSC,Other,65.8,67.53,-2.56,63.3,0.6,2026-06-26
NEW_HIGH,EGBN,Other,27.59,29.29,-5.8,43.9,0.6,2026-06-26
NEW_HIGH,ELVN,Other,49.82,52.39,-4.91,70.7,0.3,2026-06-30
NEW_HIGH,EMIS,Other,10.18,10.18,0.0,63.6,4.0,2026-07-02
NEW_HIGH,EML,Other,29.11,29.91,-2.67,88.4,0.6,2026-07-01
NEW_HIGH,EQ,Other,2.91,3.54,-17.8,54.1,3.5,2026-06-30
NEW_HIGH,ESTA,Other,89.25,90.5,-1.38,60.2,0.5,2026-06-26
NEW_HIGH,ETON,Other,37.5,37.97,-1.24,83.5,1.2,2026-07-02
NEW_HIGH,EURK,Other,11.41,14.28,-20.1,46.6,0.1,2026-06-30
NEW_HIGH,EXEL,Other,55.85,56.2,-0.62,62.7,0.9,2026-07-02
NEW_HIGH,EXTR,Other,29.8,33.1,-9.97,41.4,0.8,2026-06-30
NEW_HIGH,FA,Other,20.53,20.59,-0.29,83.1,0.9,2026-07-02
NEW_HIGH,FATE,Other,2.92,3.21,-9.03,73.2,0.9,2026-07-02
NEW_HIGH,FBIZ,Other,63.85,65.49,-2.5,69.2,0.8,2026-07-02
NEW_HIGH,FBLA,Other,15.21,15.46,-1.62,75.9,0.6,2026-06-26
NEW_HIGH,FBNC,Other,63.8,66.06,-3.42,64.7,0.9,2026-07-01
NEW_HIGH,FCBC,Other,45.12,45.84,-1.57,58.6,0.8,2026-07-02
NEW_HIGH,FCCO,Other,32.93,34.01,-3.18,58.3,0.4,2026-06-26
NEW_HIGH,FCEL,Other,28.11,37.88,-25.79,64.0,0.8,2026-06-30
NEW_HIGH,FDBC,Other,52.81,53.43,-1.16,60.5,0.5,2026-07-01
NEW_HIGH,FDMT,Other,13.0,14.0,-7.14,81.1,0.9,2026-06-30
NEW_HIGH,FDSB,Other,16.62,16.62,0.0,84.2,0.4,2026-07-02
NEW_HIGH,FENC,Other,10.7,11.31,-5.39,75.1,0.5,2026-06-29
NEW_HIGH,FFBC,Other,34.39,35.0,-1.74,74.4,0.9,2026-07-02
NEW_HIGH,FHB,Other,29.97,30.52,-1.8,68.1,0.9,2026-07-02
NEW_HIGH,FIBK,Other,39.15,39.65,-1.26,71.3,0.8,2026-07-02
NEW_HIGH,FISI,Other,39.02,40.26,-3.08,62.5,0.6,2026-07-01
NEW_HIGH,FLNT,Other,3.9,4.15,-6.02,85.0,0.1,2026-07-01
NEW_HIGH,FLXS,Other,72.49,77.19,-6.09,74.2,0.9,2026-07-02
NEW_HIGH,FLYW,Other,18.75,18.92,-0.9,83.7,1.0,2026-07-02
NEW_HIGH,FMAO,Other,30.67,32.0,-4.16,70.3,1.0,2026-07-02
NEW_HIGH,FMBH,Other,48.46,49.64,-2.38,65.3,0.6,2026-07-01
NEW_HIGH,FMNB,Other,14.64,14.97,-2.2,55.5,0.8,2026-07-02
NEW_HIGH,FNLC,Other,35.04,35.93,-2.48,75.2,0.7,2026-06-29
NEW_HIGH,FNWB,Other,11.15,11.51,-3.13,63.1,0.5,2026-07-02
NEW_HIGH,FORM,Other,123.59,160.27,-22.89,47.9,1.0,2026-06-30
NEW_HIGH,FRAF,Other,63.62,64.76,-1.76,64.4,1.3,2026-07-02
NEW_HIGH,FRBA,Other,17.63,18.19,-3.08,67.0,0.7,2026-07-01
NEW_HIGH,FRME,Other,43.44,44.59,-2.58,64.6,0.9,2026-07-02
NEW_HIGH,FROG,Other,94.81,96.0,-1.24,73.5,0.8,2026-07-02
NEW_HIGH,FRST,Other,15.82,16.77,-5.66,56.0,0.6,2026-06-26
NEW_HIGH,FSBC,Other,48.66,50.01,-2.7,74.8,0.6,2026-07-02
NEW_HIGH,FSBW,Other,43.92,44.89,-2.16,60.8,1.0,2026-07-01
NEW_HIGH,FTDR,Other,78.5,80.09,-1.99,88.1,0.9,2026-07-02
NEW_HIGH,FULT,Other,24.11,24.71,-2.43,66.2,0.7,2026-07-02
NEW_HIGH,FUNC,Other,44.53,46.3,-3.82,62.3,0.6,2026-07-01
NEW_HIGH,FUSB,Other,16.5,16.99,-2.88,55.9,0.0,2026-07-01
NEW_HIGH,FVN,Other,10.97,11.99,-8.51,66.1,0.0,2026-06-30
NEW_HIGH,FXNC,Other,30.04,31.21,-3.75,53.8,0.3,2026-07-01
NEW_HIGH,GCBC,Other,34.66,34.77,-0.32,76.3,0.7,2026-07-01
NEW_HIGH,GCMG,Other,12.91,12.98,-0.54,89.8,0.5,2026-07-02
NEW_HIGH,GH,Other,167.98,172.61,-2.68,78.7,1.0,2026-07-01
NEW_HIGH,GHRS,Other,27.01,28.96,-6.73,74.3,0.6,2026-06-29
NEW_HIGH,GLBS,Other,3.09,3.19,-3.13,71.4,0.4,2026-07-02
NEW_HIGH,GSBC,Other,78.83,81.93,-3.78,63.8,1.0,2026-07-02
NEW_HIGH,GTEN,Other,10.49,10.6,-1.04,60.1,7.1,2026-07-02
NEW_HIGH,GTERA,Other,10.31,10.32,-0.1,60.0,0.0,2026-06-29
NEW_HIGH,GTX,Other,31.75,36.25,-12.41,42.8,1.4,2026-06-30
NEW_HIGH,HAFC,Other,32.49,33.5,-3.01,61.1,0.6,2026-07-02
NEW_HIGH,HAVA,Other,10.1,10.13,-0.3,57.1,0.0,2026-06-29
NEW_HIGH,HBCP,Other,69.32,71.46,-2.99,58.1,1.1,2026-07-02
NEW_HIGH,HBNC,Other,19.78,20.42,-3.13,56.1,0.7,2026-07-02
NEW_HIGH,HBT,Other,32.18,33.1,-2.78,71.4,0.5,2026-07-02
NEW_HIGH,HCSG,Other,25.15,25.55,-1.57,86.2,0.9,2026-07-01
NEW_HIGH,HFBL,Other,20.8,23.25,-10.54,62.1,8.9,2026-07-02
NEW_HIGH,HFWA,Other,29.7,30.58,-2.88,58.4,0.6,2026-07-02
NEW_HIGH,HOFT,Other,16.82,18.09,-7.02,61.3,0.6,2026-07-01
NEW_HIGH,HOPE,Other,13.58,14.05,-3.35,62.4,0.8,2026-07-02
NEW_HIGH,HTO,Other,62.42,62.67,-0.4,86.2,1.1,2026-07-02
NEW_HIGH,HWBK,Other,38.64,40.36,-4.26,57.2,0.4,2026-07-01
NEW_HIGH,HWC,Other,74.61,76.39,-2.33,64.4,1.1,2026-07-02
NEW_HIGH,HYNE,Other,16.69,16.86,-1.01,69.4,0.4,2026-06-26
NEW_HIGH,IART,Other,18.05,18.92,-4.6,56.9,0.7,2026-06-29
NEW_HIGH,IBOC,Other,75.9,78.46,-3.26,50.9,0.6,2026-06-26
NEW_HIGH,ICCC,Other,10.29,11.16,-7.8,59.0,1.5,2026-07-01
NEW_HIGH,ICHR,Other,98.22,113.58,-13.52,59.8,1.4,2026-07-01
NEW_HIGH,IGAC,Other,10.03,10.03,0.0,71.5,0.4,2026-07-02
NEW_HIGH,IGACR,Other,0.18,0.22,-18.18,33.3,2.8,2026-07-01
NEW_HIGH,IGIC,Other,27.66,27.93,-0.97,64.4,1.1,2026-07-02
NEW_HIGH,ILMN,Other,188.68,189.36,-0.36,68.0,1.4,2026-07-02
NEW_HIGH,IMUX,Other,14.8,15.84,-6.57,70.3,0.6,2026-06-26
NEW_HIGH,IMVT,Other,38.79,39.28,-1.25,84.0,0.6,2026-06-26
NEW_HIGH,INAC,Other,10.25,10.27,-0.19,49.5,1.1,2026-07-02
NEW_HIGH,INBK,Other,28.1,28.88,-2.7,69.5,1.9,2026-07-02
NEW_HIGH,INDB,Other,84.18,85.74,-1.82,62.5,0.6,2026-07-01
NEW_HIGH,INDV,Other,39.8,42.81,-7.03,61.6,0.8,2026-06-26
NEW_HIGH,INNV,Other,11.99,12.64,-5.14,87.2,0.7,2026-06-30
NEW_HIGH,IPCX,Other,10.35,10.35,0.0,66.7,0.3,2026-07-02
NEW_HIGH,IPEX,Other,10.5,10.52,-0.19,50.0,0.1,2026-06-26
NEW_HIGH,IRDM,Other,53.75,57.18,-6.0,57.0,0.9,2026-07-02
NEW_HIGH,ITIC,Other,281.21,284.0,-0.98,88.2,2.4,2026-07-02
NEW_HIGH,JAZZ,Other,243.47,243.81,-0.14,58.0,0.8,2026-07-02
NEW_HIGH,JBSS,Other,90.6,90.89,-0.32,80.3,0.7,2026-07-02
NEW_HIGH,JMSB,Other,22.17,22.78,-2.68,62.3,0.4,2026-07-02
NEW_HIGH,KALU,Other,176.27,195.96,-10.05,41.6,0.9,2026-06-30
NEW_HIGH,KCHV,Other,10.39,10.39,0.0,70.0,0.0,2026-07-02
NEW_HIGH,KFFB,Other,5.07,5.48,-7.48,59.5,0.0,2026-06-30
NEW_HIGH,KINS,Other,20.12,20.24,-0.59,83.6,1.3,2026-07-02
NEW_HIGH,KLIC,Other,121.33,135.8,-10.66,58.6,1.2,2026-07-01
NEW_HIGH,KNSA,Other,64.53,64.81,-0.43,81.8,0.6,2026-06-30
NEW_HIGH,KOYN,Other,10.14,10.16,-0.2,58.3,2.4,2026-07-02
NEW_HIGH,KRNY,Other,9.37,9.65,-2.9,68.0,0.9,2026-07-02
NEW_HIGH,KRT,Other,34.25,34.38,-0.38,81.0,1.2,2026-07-02
NEW_HIGH,KRYS,Other,375.07,382.54,-1.95,79.0,0.6,2026-06-30
NEW_HIGH,KTCC,Other,4.26,4.42,-3.62,69.8,0.3,2026-06-30
NEW_HIGH,LAMR,Other,157.56,158.44,-0.56,72.4,0.7,2026-07-01
NEW_HIGH,LARK,Other,31.14,32.39,-3.86,64.3,0.4,2026-06-26
NEW_HIGH,LBRX,Other,33.43,34.0,-1.68,77.4,1.2,2026-07-02
NEW_HIGH,LCNB,Other,17.89,18.52,-3.4,58.0,0.3,2026-06-26
NEW_HIGH,LFST,Other,11.27,11.62,-3.01,91.3,1.3,2026-07-02
NEW_HIGH,LGND,Other,319.55,320.99,-0.45,81.5,0.7,2026-06-30
NEW_HIGH,LILA,Other,7.62,8.1,-5.93,75.4,0.6,2026-07-01
NEW_HIGH,LILAK,Other,7.63,8.05,-5.22,75.7,0.7,2026-07-01
NEW_HIGH,LIND,Other,26.22,30.0,-12.6,65.0,0.7,2026-06-26
NEW_HIGH,LIVN,Other,83.62,83.98,-0.43,69.1,0.6,2026-06-26
NEW_HIGH,LIXT,Other,7.21,8.38,-13.96,49.7,1.2,2026-07-01
NEW_HIGH,LKSP,Other,10.15,10.15,0.0,57.1,0.1,2026-07-02
NEW_HIGH,LLYVA,Other,104.11,105.47,-1.29,66.1,1.0,2026-07-02
NEW_HIGH,LLYVK,Other,108.0,108.92,-0.84,67.2,0.8,2026-07-02
NEW_HIGH,LNTH,Other,109.89,111.86,-1.76,67.0,0.5,2026-06-30
NEW_HIGH,LOCO,Other,16.68,17.4,-4.14,61.9,0.6,2026-07-01
NEW_HIGH,LPAA,Other,10.85,10.85,0.0,70.0,0.0,2026-07-02
NEW_HIGH,LPBB,Other,10.7,10.76,-0.56,45.5,0.0,2026-06-26
NEW_HIGH,LQDA,Other,78.93,80.69,-2.18,63.9,0.5,2026-06-30
NEW_HIGH,LQDT,Other,38.36,39.93,-3.93,53.0,0.8,2026-06-29
NEW_HIGH,LSBK,Other,16.8,17.96,-6.46,55.6,0.9,2026-06-30
NEW_HIGH,LWAC,Other,10.27,10.27,0.0,66.7,1.5,2026-07-02
NEW_HIGH,LXRX,Other,2.32,2.68,-13.43,68.7,0.6,2026-06-30
NEW_HIGH,MAMA,Other,18.68,21.0,-11.05,70.5,0.8,2026-06-29
NEW_HIGH,MBBC,Other,15.25,15.79,-3.42,68.8,0.3,2026-07-01
NEW_HIGH,MBIN,Other,48.82,51.47,-5.15,44.7,0.6,2026-06-30
NEW_HIGH,MBWM,Other,57.81,59.71,-3.18,66.5,0.9,2026-07-02
NEW_HIGH,MBX,Other,57.8,58.5,-1.2,92.8,0.7,2026-07-01
NEW_HIGH,MCBS,Other,36.26,37.46,-3.2,65.2,0.8,2026-07-02
NEW_HIGH,MCHB,Other,16.16,16.51,-2.12,65.9,0.7,2026-07-02
NEW_HIGH,MCRI,Other,129.94,135.93,-4.41,57.0,0.9,2026-06-29
NEW_HIGH,MGTX,Other,13.92,13.94,-0.14,83.7,1.0,2026-07-02
NEW_HIGH,MIRM,Other,125.59,125.75,-0.13,82.7,0.6,2026-07-02
NEW_HIGH,MITK,Other,19.21,21.05,-8.74,78.0,0.8,2026-07-01
NEW_HIGH,MKDW,Other,11.8,12.29,-3.99,79.3,0.1,2026-06-29
NEW_HIGH,MKSI,Other,365.56,447.62,-18.33,53.2,1.4,2026-06-30
NEW_HIGH,MMTX,Other,10.11,10.12,-0.1,75.0,0.0,2026-06-29
NEW_HIGH,MNSB,Other,24.64,25.28,-2.53,52.1,0.4,2026-07-02
NEW_HIGH,MOVE,Other,17.37,26.72,-34.99,48.0,1.3,2026-06-29
NEW_HIGH,MPB,Other,35.18,35.98,-2.22,59.9,0.8,2026-07-02
NEW_HIGH,MPLT,Other,37.09,37.61,-1.38,70.3,0.8,2026-07-02
NEW_HIGH,MQ,Other,17.41,17.65,-1.36,97.5,0.3,2026-07-02
NEW_HIGH,MRCY,Other,126.21,127.83,-1.27,57.9,0.7,2026-07-01
NEW_HIGH,MRVI,Other,6.04,6.55,-7.79,70.0,0.5,2026-06-29
NEW_HIGH,MSBI,Other,30.35,31.67,-4.17,56.8,0.7,2026-07-01
NEW_HIGH,MTCH,Other,37.9,38.94,-2.67,68.4,0.8,2026-07-01
NEW_HIGH,MVBF,Other,29.41,30.23,-2.71,65.7,1.1,2026-07-02
NEW_HIGH,MXL,Other,93.12,128.3,-27.42,55.2,1.2,2026-06-30
NEW_HIGH,MYFW,Other,32.99,33.69,-2.08,72.6,0.5,2026-07-02
NEW_HIGH,MYRG,Other,433.01,503.57,-14.01,51.9,1.2,2026-06-30
NEW_HIGH,NAVN,Other,25.67,25.85,-0.7,60.9,1.1,2026-07-02
NEW_HIGH,NBIX,Other,174.26,174.38,-0.07,66.9,1.0,2026-07-02
NEW_HIGH,NBTB,Other,50.08,50.89,-1.59,66.6,0.8,2026-07-02
NEW_HIGH,NDLS,Other,14.49,16.1,-10.0,51.9,0.9,2026-07-02
NEW_HIGH,NECB,Other,27.61,28.94,-4.6,67.9,0.7,2026-06-26
NEW_HIGH,NEO,Other,15.16,15.56,-2.57,81.4,0.6,2026-07-02
NEW_HIGH,NESR,Other,27.9,30.31,-7.95,62.6,0.8,2026-06-30
NEW_HIGH,NEWT,Other,14.57,15.34,-5.02,62.1,0.8,2026-06-29
NEW_HIGH,NFBK,Other,14.79,15.01,-1.47,52.5,0.6,2026-06-26
NEW_HIGH,NMP,Other,10.26,10.28,-0.19,66.7,0.0,2026-06-29
NEW_HIGH,NNBR,Other,3.49,4.42,-21.04,59.5,1.0,2026-07-02
NEW_HIGH,NODK,Other,16.09,16.49,-2.43,63.1,0.7,2026-06-26
NEW_HIGH,NRC,Other,22.4,22.65,-1.1,78.5,0.4,2026-07-01
NEW_HIGH,NRIX,Other,23.97,24.88,-3.66,95.1,0.3,2026-06-30
NEW_HIGH,NTCT,Other,40.93,43.8,-6.55,44.5,0.8,2026-06-30
NEW_HIGH,NTRA,Other,279.32,279.63,-0.11,86.9,0.8,2026-07-02
NEW_HIGH,NTWO,Other,10.74,10.74,0.0,,12.4,2026-07-02
NEW_HIGH,NUTX,Other,196.53,201.49,-2.46,86.7,1.9,2026-07-02
NEW_HIGH,NUVL,Other,123.73,123.8,-0.06,65.2,0.2,2026-07-02
NEW_HIGH,NVCT,Other,19.57,29.27,-33.14,64.8,1.3,2026-06-29
NEW_HIGH,NWBI,Other,15.11,15.47,-2.33,62.1,1.0,2026-07-02
NEW_HIGH,NWFL,Other,32.22,32.86,-1.95,53.1,0.5,2026-06-29
NEW_HIGH,OACC,Other,10.74,10.74,0.0,75.0,0.2,2026-07-02
NEW_HIGH,OBA,Other,10.25,10.25,0.0,60.0,0.0,2026-07-02
NEW_HIGH,OKTA,Other,141.42,145.95,-3.1,79.7,0.9,2026-07-02
NEW_HIGH,OLPX,Other,2.07,2.09,-0.96,66.7,8.5,2026-07-02
NEW_HIGH,ONB,Other,26.0,26.51,-1.92,68.9,0.8,2026-07-02
NEW_HIGH,OPBK,Other,15.14,15.73,-3.75,68.5,0.6,2026-06-26
NEW_HIGH,OPK,Other,1.52,1.61,-5.59,63.0,0.7,2026-06-26
NEW_HIGH,ORKA,Other,85.21,97.78,-12.86,67.6,2.4,2026-06-30
NEW_HIGH,ORRF,Other,40.85,41.98,-2.69,61.3,0.6,2026-07-02
NEW_HIGH,OSBC,Other,23.23,23.89,-2.76,62.9,0.6,2026-07-02
NEW_HIGH,OUST,Other,49.84,63.79,-21.87,58.8,1.7,2026-06-30
NEW_HIGH,OYSE,Other,10.31,10.34,-0.29,70.0,0.0,2026-06-30
NEW_HIGH,OZK,Other,49.84,53.39,-6.65,42.1,2.1,2026-07-01
NEW_HIGH,PACH,Other,10.26,10.26,0.0,58.3,0.0,2026-07-02
NEW_HIGH,PARK,Other,20.91,22.67,-7.76,65.5,0.8,2026-06-30
NEW_HIGH,PCB,Other,28.51,29.29,-2.66,73.7,0.5,2026-07-02
NEW_HIGH,PDFS,Other,59.18,71.69,-17.45,45.1,1.5,2026-06-30
NEW_HIGH,PDLB,Other,20.11,20.62,-2.47,63.2,0.6,2026-07-02
NEW_HIGH,PEBO,Other,38.71,39.33,-1.58,68.9,0.5,2026-07-02
NEW_HIGH,PECO,Other,42.06,42.7,-1.5,56.1,0.8,2026-06-26
NEW_HIGH,PFIS,Other,67.12,68.61,-2.17,69.5,1.4,2026-07-02
NEW_HIGH,PGAC,Other,10.63,11.39,-6.67,75.0,0.0,2026-06-29
NEW_HIGH,PGC,Other,47.38,49.14,-3.58,56.5,1.0,2026-07-02
NEW_HIGH,PGEN,Other,5.64,6.04,-6.62,69.9,0.8,2026-06-29
NEW_HIGH,PGNY,Other,30.22,30.33,-0.36,86.3,0.6,2026-07-02
NEW_HIGH,PHVS,Other,33.86,35.9,-5.68,60.8,1.1,2026-06-30
NEW_HIGH,PKBK,Other,32.93,33.84,-2.69,62.8,0.7,2026-07-02
NEW_HIGH,PKOH,Other,36.3,39.33,-7.7,61.9,1.1,2026-06-26
NEW_HIGH,PLBC,Other,59.13,60.47,-2.22,64.8,0.7,2026-07-02
NEW_HIGH,PLPC,Other,368.77,414.35,-11.0,47.7,1.0,2026-07-01
NEW_HIGH,PLSE,Other,29.2,31.0,-5.81,59.1,0.5,2026-06-26
NEW_HIGH,PNTG,Other,38.52,39.42,-2.28,85.8,1.9,2026-07-02
NEW_HIGH,PPLI,Other,46.75,46.88,-0.28,72.9,0.8,2026-07-01
NEW_HIGH,PRLD,Other,4.91,5.69,-13.71,64.1,0.6,2026-06-30
NEW_HIGH,PROV,Other,17.21,17.39,-1.04,62.0,0.3,2026-07-02
NEW_HIGH,PRVA,Other,27.36,27.52,-0.58,86.6,0.7,2026-07-02
NEW_HIGH,PSMT,Other,197.9,199.41,-0.76,82.3,0.8,2026-06-30
NEW_HIGH,PSNL,Other,13.62,14.24,-4.35,82.8,1.0,2026-07-02
NEW_HIGH,PTGX,Other,131.62,131.87,-0.19,89.7,0.7,2026-07-02
NEW_HIGH,PTRN,Other,26.43,26.66,-0.86,76.9,1.1,2026-07-02
NEW_HIGH,PUBM,Other,13.55,13.99,-3.15,77.0,1.0,2026-07-01
NEW_HIGH,PVLA,Other,146.76,161.38,-9.06,73.3,0.9,2026-06-30
NEW_HIGH,PYPD,Other,5.02,5.24,-4.2,61.8,1.4,2026-06-29
NEW_HIGH,QCRH,Other,96.65,99.87,-3.22,51.4,0.6,2026-07-02
NEW_HIGH,QTTB,Other,13.09,15.02,-12.85,52.2,0.3,2026-06-29
NEW_HIGH,QUMS,Other,10.22,10.25,-0.29,57.1,0.0,2026-06-29
NEW_HIGH,RANG,Other,10.69,11.66,-8.32,82.6,0.0,2026-07-01
NEW_HIGH,RAPP,Other,38.97,43.76,-10.95,62.7,0.6,2026-06-30
NEW_HIGH,RBB,Other,27.13,28.2,-3.79,72.6,0.6,2026-07-02
NEW_HIGH,RBCAA,Other,91.5,93.54,-2.18,68.4,1.3,2026-07-02
NEW_HIGH,RDVT,Other,65.52,67.68,-3.19,84.8,1.3,2026-07-01
NEW_HIGH,REYN,Other,27.18,27.3,-0.44,86.2,1.1,2026-07-02
NEW_HIGH,RLAY,Other,18.65,19.93,-6.42,75.2,0.7,2026-06-29
NEW_HIGH,RMBI,Other,15.16,16.59,-8.62,56.7,0.1,2026-06-26
NEW_HIGH,RMTI,Other,5.54,5.69,-2.64,96.6,0.3,2026-07-01
NEW_HIGH,ROIV,Other,35.13,35.9,-2.14,91.5,0.8,2026-06-30
NEW_HIGH,RPRX,Other,57.77,57.8,-0.05,60.4,0.8,2026-07-02
NEW_HIGH,RRGB,Other,7.15,8.26,-13.44,71.2,0.9,2026-06-30
NEW_HIGH,RRR,Other,65.6,68.11,-3.69,59.4,1.2,2026-06-29
NEW_HIGH,RVMD,Other,189.24,193.1,-2.0,84.7,0.9,2026-06-30
NEW_HIGH,SBFG,Other,25.08,26.0,-3.54,67.0,0.5,2026-07-02
NEW_HIGH,SCHL,Other,46.41,48.07,-3.45,63.8,0.6,2026-07-01
NEW_HIGH,SCSC,Other,50.87,53.14,-4.27,58.4,0.8,2026-07-01
NEW_HIGH,SENEA,Other,183.98,185.9,-1.03,73.6,0.6,2026-07-02
NEW_HIGH,SFNC,Other,22.84,23.37,-2.27,62.1,0.6,2026-07-02
NEW_HIGH,SFST,Other,61.19,63.75,-4.02,48.6,0.7,2026-07-02
NEW_HIGH,SHBI,Other,23.03,23.58,-2.33,58.7,0.7,2026-07-01
NEW_HIGH,SIGI,Other,100.15,100.3,-0.15,83.2,0.6,2026-07-02
NEW_HIGH,SILC,Other,42.59,52.95,-19.57,41.8,2.1,2026-06-30
NEW_HIGH,SIRI,Other,30.51,30.61,-0.33,86.5,0.8,2026-07-02
NEW_HIGH,SKWD,Other,61.42,62.2,-1.25,80.5,1.6,2026-07-02
NEW_HIGH,SLDB,Other,10.84,10.88,-0.37,84.8,0.9,2026-07-02
NEW_HIGH,SLDE,Other,21.25,21.79,-2.48,81.6,2.5,2026-07-02
NEW_HIGH,SLN,Other,10.39,11.06,-6.06,81.0,1.2,2026-07-01
NEW_HIGH,SLS,Other,14.98,15.88,-5.67,79.7,1.2,2026-06-30
NEW_HIGH,SMBC,Other,76.04,78.33,-2.92,68.9,0.6,2026-07-02
NEW_HIGH,SNFCA,Other,9.72,10.14,-4.14,58.2,0.3,2026-06-29
NEW_HIGH,SOCA,Other,10.26,10.28,-0.19,57.1,1.2,2026-07-02
NEW_HIGH,SOPH,Other,5.35,6.3,-15.08,52.8,1.1,2026-06-30
NEW_HIGH,SOTK,Other,5.2,6.24,-16.67,48.8,1.4,2026-07-01
NEW_HIGH,SRBK,Other,19.63,20.19,-2.77,66.1,0.5,2026-07-01
NEW_HIGH,SRRK,Other,54.88,56.54,-2.94,81.4,0.9,2026-06-29
NEW_HIGH,SSBI,Other,13.29,14.0,-5.07,46.3,1.9,2026-06-26
NEW_HIGH,STBA,Other,49.13,50.4,-2.52,64.8,0.9,2026-07-02
NEW_HIGH,STGW,Other,7.4,7.73,-4.27,66.8,0.6,2026-07-01
NEW_HIGH,STHO,Other,9.23,9.29,-0.65,53.6,0.2,2026-07-01
NEW_HIGH,STRZ,Other,28.99,32.58,-11.02,52.6,1.0,2026-07-01
NEW_HIGH,SVA,Other,6.47,6.47,0.0,,,2026-06-26
NEW_HIGH,SVCC,Other,10.58,10.58,0.0,60.0,0.2,2026-07-02
NEW_HIGH,SVCO,Other,11.1,14.39,-22.86,47.9,1.2,2026-07-01
NEW_HIGH,TACT,Other,5.07,6.02,-15.78,45.8,0.4,2026-06-30
NEW_HIGH,TAVI,Other,10.65,11.91,-10.58,51.9,3.4,2026-06-26
NEW_HIGH,TCBK,Other,54.54,55.32,-1.41,65.4,1.0,2026-07-02
NEW_HIGH,TECX,Other,37.93,38.12,-0.5,81.3,3.0,2026-07-02
NEW_HIGH,TENB,Other,38.6,39.43,-2.1,87.6,1.0,2026-07-01
NEW_HIGH,TFSL,Other,17.84,17.99,-0.83,71.5,0.6,2026-07-01
NEW_HIGH,TH,Other,18.47,20.85,-11.41,56.9,0.9,2026-06-26
NEW_HIGH,THFF,Other,77.02,78.74,-2.18,65.8,1.1,2026-07-02
NEW_HIGH,TIGO,Other,93.76,95.38,-1.7,53.0,0.6,2026-07-02
NEW_HIGH,TILE,Other,35.67,36.66,-2.7,78.3,0.8,2026-07-01
NEW_HIGH,TOI,Other,5.28,5.82,-9.28,53.5,0.6,2026-06-29
NEW_HIGH,TOWN,Other,36.45,37.09,-1.73,66.8,0.7,2026-07-01
NEW_HIGH,TRIN,Other,17.79,18.08,-1.6,79.9,0.9,2026-07-02
NEW_HIGH,TRS,Other,42.01,45.43,-7.53,55.1,0.5,2026-07-01
NEW_HIGH,TRVI,Other,17.93,19.26,-6.91,81.0,0.9,2026-06-30
NEW_HIGH,TSBK,Other,44.67,45.64,-2.13,68.5,0.6,2026-07-01
NEW_HIGH,TWIN,Other,22.86,24.5,-6.69,71.7,0.8,2026-06-30
NEW_HIGH,TWST,Other,99.24,105.47,-5.91,78.2,0.7,2026-07-02
NEW_HIGH,TXG,Other,39.01,40.08,-2.67,79.0,0.8,2026-07-01
NEW_HIGH,TXRH,Other,194.28,196.86,-1.31,85.5,0.7,2026-06-26
NEW_HIGH,UBSI,Other,46.38,47.25,-1.84,62.4,0.9,2026-07-02
NEW_HIGH,UCTT,Other,106.47,144.22,-26.18,50.7,1.6,2026-06-30
NEW_HIGH,UFCS,Other,53.93,54.42,-0.9,81.0,0.8,2026-07-02
NEW_HIGH,UFPT,Other,272.36,275.2,-1.03,75.0,1.2,2026-07-01
NEW_HIGH,UMBF,Other,143.8,146.6,-1.91,69.7,0.6,2026-07-01
NEW_HIGH,UNTY,Other,58.12,60.86,-4.5,62.3,0.6,2026-06-26
NEW_HIGH,UPC,Other,6.32,17.96,-64.81,58.7,1.0,2026-06-29
NEW_HIGH,URGN,Other,38.02,39.58,-3.94,90.2,1.2,2026-07-01
NEW_HIGH,USCB,Other,20.45,20.93,-2.29,64.4,0.5,2026-06-26
NEW_HIGH,USEA,Other,2.66,2.72,-2.21,76.2,0.6,2026-06-30
NEW_HIGH,USIO,Other,2.48,2.62,-5.34,82.9,0.7,2026-07-01
NEW_HIGH,UTMD,Other,72.78,75.75,-3.92,56.5,1.5,2026-06-26
NEW_HIGH,UVSP,Other,44.13,45.46,-2.93,63.8,0.7,2026-07-02
NEW_HIGH,VALU,Other,39.01,40.98,-4.81,70.4,0.2,2026-06-29
NEW_HIGH,VCEL,Other,46.98,47.06,-0.17,79.5,0.9,2026-07-02
NEW_HIGH,VCYT,Other,57.08,60.91,-6.29,74.4,0.8,2026-06-30
NEW_HIGH,VICR,Other,282.95,382.65,-26.06,47.3,1.2,2026-06-30
NEW_HIGH,VMD,Other,12.02,12.06,-0.33,82.5,1.1,2026-07-02
NEW_HIGH,VNME,Other,10.21,10.22,-0.1,53.8,0.1,2026-07-01
NEW_HIGH,VSAT,Other,83.06,93.03,-10.72,59.6,0.7,2026-07-01
NEW_HIGH,VSEC,Other,232.33,237.75,-2.28,84.0,0.9,2026-07-02
NEW_HIGH,WABC,Other,59.51,60.53,-1.69,66.9,0.8,2026-07-02
NEW_HIGH,WAFD,Other,38.34,39.35,-2.57,65.4,0.7,2026-07-02
NEW_HIGH,WEST,Other,7.06,10.19,-30.72,26.7,0.7,2026-06-26
NEW_HIGH,WEYS,Other,39.49,39.94,-1.13,71.2,0.5,2026-07-02
NEW_HIGH,WNEB,Other,14.47,14.72,-1.7,67.1,0.6,2026-07-02
NEW_HIGH,WRLD,Other,207.98,227.68,-8.65,71.1,1.6,2026-06-30
NEW_HIGH,WSBC,Other,39.64,40.26,-1.54,75.2,0.5,2026-07-02
NEW_HIGH,WSBF,Other,20.6,21.03,-2.04,69.8,0.9,2026-07-02
NEW_HIGH,WSFS,Other,77.17,79.13,-2.48,62.0,0.6,2026-07-02
NEW_HIGH,WSTN,Other,10.09,10.11,-0.2,60.0,0.0,2026-06-29
NEW_HIGH,WTBA,Other,27.09,27.62,-1.92,69.4,1.1,2026-07-01
NEW_HIGH,WTG,Other,10.45,10.46,-0.1,78.6,19.2,2026-07-01
NEW_HIGH,XMAX,Other,8.94,9.31,-3.97,55.4,0.6,2026-07-01
NEW_HIGH,XOMA,Other,43.0,43.0,0.0,81.9,0.9,2026-07-02
NEW_HIGH,ZD,Other,52.43,53.43,-1.87,75.7,0.8,2026-07-01
NEW_HIGH,ZION,Other,69.35,71.26,-2.68,64.3,0.9,2026-07-02
NEW_HIGH,ZVRA,Other,13.98,14.58,-4.12,64.5,0.7,2026-06-30
NEW_HIGH,CPT,Real Estate,117.25,117.56,-0.26,60.6,0.4,2026-07-01
NEW_HIGH,DOC,Real Estate,21.89,21.98,-0.41,65.5,0.7,2026-07-02
NEW_HIGH,EQR,Real Estate,69.83,69.83,0.0,66.7,0.7,2026-07-02
NEW_HIGH,ESS,Real Estate,298.33,299.29,-0.32,73.2,0.8,2026-07-01
NEW_HIGH,PSA,Real Estate,329.64,329.66,-0.01,58.3,0.9,2026-07-02
NEW_HIGH,REG,Real Estate,80.96,81.93,-1.18,54.0,0.7,2026-06-26
NEW_HIGH,SPG,Real Estate,226.06,228.58,-1.1,64.5,0.6,2026-06-26
NEW_HIGH,UDR,Real Estate,41.09,41.12,-0.07,66.3,0.3,2026-07-02
NEW_HIGH,VTR,Real Estate,92.52,92.86,-0.37,78.6,1.2,2026-07-02
NEW_HIGH,WELL,Real Estate,236.06,236.06,0.0,79.1,1.1,2026-07-02
NEW_HIGH,AEE,Utilities,115.02,118.32,-2.79,64.9,0.5,2026-06-26
NEW_HIGH,AEP,Utilities,138.51,139.33,-0.59,73.4,1.4,2026-06-29
NEW_HIGH,CNP,Utilities,44.61,45.22,-1.35,66.8,0.9,2026-06-29
NEW_HIGH,DTE,Utilities,154.06,155.06,-0.64,73.1,0.7,2026-06-29
NEW_HIGH,EVRG,Utilities,88.13,88.18,-0.06,73.9,0.7,2026-07-02
NEW_HIGH,LNT,Utilities,78.03,78.21,-0.23,76.1,1.0,2026-07-02
NEW_HIGH,NI,Utilities,47.82,49.21,-2.82,57.3,0.9,2026-06-29
NEW_HIGH,PNW,Utilities,109.37,109.5,-0.12,75.0,0.6,2026-07-02
NEW_HIGH,WEC,Utilities,118.83,119.06,-0.19,68.0,0.3,2026-06-29
NEW_LOW,T,Communication Services,20.58,19.89,3.47,30.1,1.6,2026-07-02
NEW_LOW,TMUS,Communication Services,177.52,165.66,7.16,41.3,0.8,2026-06-30
NEW_LOW,NKE,Consumer Discretionary,44.09,40.0,10.23,42.2,1.0,2026-06-26
NEW_LOW,ULTA,Consumer Discretionary,461.33,443.6,4.0,44.2,0.6,2026-06-30
NEW_LOW,KR,Consumer Staples,58.22,54.15,7.52,33.6,0.6,2026-07-01
NEW_LOW,CME,Financials,236.6,218.31,8.38,33.2,1.1,2026-06-29
NEW_LOW,COIN,Financials,165.48,139.18,18.9,53.4,1.1,2026-06-26
NEW_LOW,ICE,Financials,132.99,121.79,9.2,42.1,0.7,2026-06-29
NEW_LOW,NDAQ,Financials,84.66,76.55,10.59,47.0,0.9,2026-06-30
NEW_LOW,BSX,Health Care,45.14,42.25,6.84,40.4,1.2,2026-06-30
NEW_LOW,ZTS,Health Care,74.8,71.47,4.66,34.1,0.4,2026-06-30
NEW_LOW,CPRT,Industrials,30.01,27.85,7.76,44.8,1.1,2026-06-30
NEW_LOW,LDOS,Industrials,108.84,98.86,10.1,32.1,1.1,2026-06-30
NEW_LOW,ROL,Industrials,43.38,41.5,4.53,28.7,0.9,2026-06-30
NEW_LOW,CTSH,Information Technology,41.99,37.08,13.24,28.0,0.7,2026-06-30
NEW_LOW,AAPG,Other,18.5,16.36,13.08,68.7,0.7,2026-06-26
NEW_LOW,ABTC,Other,0.56,0.56,0.0,13.4,4.7,2026-07-02
NEW_LOW,ACTU,Other,1.52,1.4,8.57,23.6,0.9,2026-07-01
NEW_LOW,ADGM,Other,0.64,0.62,3.23,23.1,2.1,2026-06-26
NEW_LOW,AEMD,Other,0.71,0.65,9.23,8.4,0.4,2026-07-01
NEW_LOW,AIFC,Other,0.6,0.54,11.11,42.3,0.7,2026-06-26
NEW_LOW,AIRE,Other,1.88,1.81,3.87,42.6,0.6,2026-06-26
NEW_LOW,ALPS,Other,0.59,0.56,5.36,27.6,1.2,2026-07-02
NEW_LOW,ANTA,Other,5.39,4.71,14.44,35.7,1.5,2026-06-30
NEW_LOW,ARAY,Other,0.25,0.25,0.0,27.0,1.1,2026-06-30
NEW_LOW,ARKR,Other,5.85,5.6,4.46,43.6,1.0,2026-06-26
NEW_LOW,ARTL,Other,1.11,1.03,7.77,24.4,0.4,2026-06-29
NEW_LOW,ATXG,Other,3.53,2.91,21.31,34.5,0.2,2026-06-30
NEW_LOW,AVAT,Other,0.52,0.44,18.18,12.6,1.4,2026-07-01
NEW_LOW,BEEP,Other,1.5,1.29,16.28,36.8,0.5,2026-06-30
NEW_LOW,BGIN,Other,1.97,1.75,12.57,28.5,0.8,2026-06-30
NEW_LOW,BGL,Other,0.26,0.24,8.33,20.5,0.3,2026-06-29
NEW_LOW,BGMS,Other,1.06,0.57,85.96,57.9,0.0,2026-06-26
NEW_LOW,BHFAL,Other,15.64,15.13,3.37,32.3,1.2,2026-06-30
NEW_LOW,BIOX,Other,0.33,0.31,6.45,23.0,0.5,2026-06-26
NEW_LOW,BIYA,Other,0.63,0.28,125.0,33.3,0.5,2026-06-29
NEW_LOW,BJDX,Other,1.14,1.03,10.68,11.0,0.7,2026-07-02
NEW_LOW,BMRA,Other,1.75,1.73,1.16,24.2,0.7,2026-06-29
NEW_LOW,BNBX,Other,0.36,0.32,12.5,32.3,0.4,2026-06-30
NEW_LOW,BON,Other,1.18,1.1,7.27,21.1,0.5,2026-06-30
NEW_LOW,BRFH,Other,1.95,1.92,1.56,28.8,0.1,2026-07-01
NEW_LOW,BRLT,Other,1.14,1.0,14.0,42.3,0.4,2026-07-01
NEW_LOW,BRR,Other,1.65,1.31,25.95,46.7,1.2,2026-06-29
NEW_LOW,BTCT,Other,1.06,0.61,73.77,40.2,0.5,2026-06-29
NEW_LOW,BTOG,Other,1.28,1.13,13.27,28.1,0.7,2026-06-30
NEW_LOW,BYAH,Other,0.84,0.82,2.44,43.0,0.0,2026-07-02
NEW_LOW,BZ,Other,13.0,12.57,3.42,43.0,0.6,2026-06-26
NEW_LOW,CBAT,Other,0.61,0.55,10.91,32.4,1.0,2026-06-29
NEW_LOW,CCLD,Other,2.22,2.07,7.25,43.2,1.0,2026-06-26
NEW_LOW,CCOI,Other,12.99,12.33,5.35,38.8,1.6,2026-06-29
NEW_LOW,CDLX,Other,4.47,4.26,4.93,36.2,0.6,2026-07-02
NEW_LOW,CDT,Other,0.49,0.47,4.26,44.1,0.0,2026-07-02
NEW_LOW,CELU,Other,0.62,0.56,10.71,36.5,0.4,2026-06-30
NEW_LOW,CELZ,Other,1.21,0.79,53.16,33.9,0.2,2026-06-29
NEW_LOW,CETX,Other,2.97,2.59,14.67,26.4,18.2,2026-07-02
NEW_LOW,CG,Other,42.83,39.6,8.16,43.2,0.5,2026-06-29
NEW_LOW,CHAI,Other,0.65,0.63,3.17,6.2,0.0,2026-06-29
NEW_LOW,CLPS,Other,0.82,0.8,2.5,16.3,0.9,2026-07-02
NEW_LOW,CMCT,Other,3.47,3.01,15.28,27.6,0.2,2026-06-30
NEW_LOW,CMND,Other,2.36,2.04,15.69,14.0,0.0,2026-06-29
NEW_LOW,CNXC,Other,23.6,19.12,23.43,40.3,1.0,2026-06-30
NEW_LOW,COSM,Other,0.24,0.16,50.0,58.3,1.0,2026-06-30
NEW_LOW,CPOP,Other,0.08,0.08,0.0,1.7,0.1,2026-07-02
NEW_LOW,CSPI,Other,8.23,7.51,9.59,37.8,0.3,2026-06-30
NEW_LOW,CTSO,Other,0.39,0.35,11.43,50.2,0.4,2026-06-29
NEW_LOW,CURX,Other,0.25,0.25,0.0,26.4,0.8,2026-07-02
NEW_LOW,CWD,Other,1.23,0.57,115.79,71.8,19.9,2026-06-26
NEW_LOW,CYCU,Other,0.58,0.54,7.41,44.5,0.4,2026-07-02
NEW_LOW,DAIC,Other,1.85,1.58,17.09,42.3,0.0,2026-06-26
NEW_LOW,DCGO,Other,0.56,0.45,24.44,46.4,0.3,2026-06-26
NEW_LOW,DFNS,Other,0.16,0.16,0.0,13.4,0.1,2026-07-02
NEW_LOW,DGNX,Other,1.15,0.85,35.29,56.4,0.3,2026-06-26
NEW_LOW,DH,Other,0.78,0.62,25.81,43.4,0.4,2026-06-26
NEW_LOW,DJT,Other,8.54,6.96,22.7,53.1,1.2,2026-06-26
NEW_LOW,DLHC,Other,5.26,5.12,2.73,30.9,0.3,2026-06-26
NEW_LOW,DSACU,Other,10.41,10.0,4.1,,0.0,2026-06-30
NEW_LOW,DUO,Other,0.74,0.59,25.42,27.8,0.1,2026-06-30
NEW_LOW,EDBL,Other,0.13,0.12,8.33,21.8,0.4,2026-07-02
NEW_LOW,EH,Other,6.31,5.97,5.7,43.4,0.4,2026-06-29
NEW_LOW,EHGO,Other,2.08,1.12,85.71,53.1,0.1,2026-06-30
NEW_LOW,ELAB,Other,1.18,1.07,10.28,21.2,0.5,2026-07-02
NEW_LOW,ENLV,Other,0.53,0.52,1.92,6.8,1.6,2026-07-02
NEW_LOW,EVGN,Other,0.43,0.37,16.22,19.2,0.0,2026-06-26
NEW_LOW,EXLS,Other,27.02,24.85,8.73,41.0,0.8,2026-06-30
NEW_LOW,EZRA,Other,3.08,3.03,1.65,29.3,0.9,2026-06-29
NEW_LOW,FAMI,Other,0.19,0.18,5.56,31.9,3.5,2026-07-02
NEW_LOW,FEED,Other,0.52,0.51,1.96,16.7,0.1,2026-06-30
NEW_LOW,FGL,Other,1.46,1.33,9.77,27.6,0.0,2026-06-26
NEW_LOW,FIZZ,Other,33.33,30.75,8.39,33.7,2.5,2026-06-30
NEW_LOW,FKWL,Other,2.54,2.5,1.6,32.8,0.1,2026-06-29
NEW_LOW,FLD,Other,0.48,0.44,9.09,34.6,0.0,2026-06-30
NEW_LOW,FLNA,Other,1.23,1.15,6.96,40.0,1.9,2026-06-26
NEW_LOW,FLZH,Other,1.8,1.6,12.5,35.5,0.2,2026-06-30
NEW_LOW,FMST,Other,1.51,1.33,13.53,44.4,1.4,2026-07-01
NEW_LOW,FNGR,Other,0.39,0.38,2.63,18.2,0.2,2026-06-30
NEW_LOW,FNUC,Other,1.7,1.35,25.93,38.9,0.6,2026-06-30
NEW_LOW,FUFU,Other,1.39,1.31,6.11,36.4,1.3,2026-07-01
NEW_LOW,FWDI,Other,4.81,3.48,38.22,58.9,1.3,2026-06-26
NEW_LOW,GAIA,Other,2.08,2.03,2.46,21.7,0.5,2026-06-30
NEW_LOW,GAMB,Other,2.0,1.89,5.82,20.2,0.6,2026-06-30
NEW_LOW,GDC,Other,2.42,0.01,24100.0,84.1,0.0,2026-06-26
NEW_LOW,GDHG,Other,1.32,1.06,24.53,43.7,0.0,2026-06-26
NEW_LOW,GEMI,Other,4.23,3.83,10.44,42.9,1.1,2026-06-26
NEW_LOW,GEOS,Other,6.72,6.28,7.01,30.8,0.5,2026-06-29
NEW_LOW,GFAI,Other,0.39,0.35,11.43,32.9,0.4,2026-06-26
NEW_LOW,GIPR,Other,0.18,0.16,12.5,38.8,0.5,2026-07-01
NEW_LOW,GMEX,Other,3.89,3.08,26.3,19.9,1.3,2026-06-30
NEW_LOW,GMM,Other,2.32,2.25,3.11,38.7,0.0,2026-07-02
NEW_LOW,GOGO,Other,3.57,3.02,18.21,47.1,0.7,2026-06-30
NEW_LOW,GRI,Other,1.87,1.7,10.0,33.6,0.3,2026-07-01
NEW_LOW,GSM,Other,3.27,3.1,5.48,28.5,1.1,2026-06-29
NEW_LOW,GSUN,Other,0.37,0.29,27.59,38.2,0.8,2026-06-29
NEW_LOW,GWAV,Other,3.14,2.86,9.79,40.3,0.2,2026-06-30
NEW_LOW,HAIN,Other,0.53,0.53,0.0,32.2,0.6,2026-06-29
NEW_LOW,HCTI,Other,1.89,1.73,9.25,28.2,0.1,2026-07-01
NEW_LOW,HDRN,Other,2.0,1.71,16.96,20.0,0.3,2026-06-26
NEW_LOW,HHS,Other,2.25,2.07,8.7,39.8,2.6,2026-06-26
NEW_LOW,HKIT,Other,0.17,0.15,13.33,14.6,0.1,2026-07-02
NEW_LOW,HOWL,Other,0.34,0.27,25.93,39.3,0.8,2026-06-29
NEW_LOW,HTZ,Other,2.12,2.09,1.44,10.8,1.2,2026-07-02
NEW_LOW,HXHX,Other,0.48,0.32,50.0,34.7,0.0,2026-06-30
NEW_LOW,HYFM,Other,0.79,0.72,9.72,34.6,0.2,2026-07-01
NEW_LOW,ICMB,Other,0.97,0.86,12.79,31.7,0.5,2026-07-01
NEW_LOW,IMNN,Other,1.91,1.7,12.35,38.9,0.4,2026-06-29
NEW_LOW,INLF,Other,0.02,0.02,0.0,4.7,0.5,2026-07-02
NEW_LOW,INTJ,Other,3.56,3.18,11.95,33.7,0.3,2026-06-30
NEW_LOW,INTZ,Other,0.8,0.66,21.21,53.9,0.2,2026-06-26
NEW_LOW,IPDN,Other,0.63,0.55,14.55,52.6,0.4,2026-06-26
NEW_LOW,IPST,Other,2.48,2.1,18.1,28.4,0.2,2026-06-30
NEW_LOW,IPW,Other,1.99,1.84,8.15,19.1,4.6,2026-07-02
NEW_LOW,ISPR,Other,1.23,1.07,14.95,35.7,0.5,2026-07-01
NEW_LOW,IZM,Other,0.37,0.26,42.31,34.1,0.5,2026-07-01
NEW_LOW,JSPR,Other,0.43,0.31,38.71,45.8,0.4,2026-06-29
NEW_LOW,KALA,Other,1.68,1.62,3.7,39.5,0.4,2026-07-01
NEW_LOW,KDK,Other,5.32,5.0,6.4,35.6,0.7,2026-06-26
NEW_LOW,KIDZ,Other,0.68,0.63,7.94,8.2,0.0,2026-06-30
NEW_LOW,KMRK,Other,0.95,0.78,21.79,28.0,0.1,2026-06-26
NEW_LOW,KNDI,Other,0.72,0.57,26.32,54.6,0.1,2026-06-29
NEW_LOW,KUST,Other,1.08,0.85,27.06,35.2,0.2,2026-06-26
NEW_LOW,KWM,Other,0.15,0.14,7.14,11.9,0.2,2026-07-01
NEW_LOW,KXIN,Other,4.03,3.9,3.33,28.0,0.0,2026-06-30
NEW_LOW,LAB,Other,0.91,0.7,30.0,50.3,0.7,2026-06-26
NEW_LOW,LE,Other,10.88,9.56,13.81,35.5,1.2,2026-06-30
NEW_LOW,LGCL,Other,1.65,0.65,153.85,47.6,2.6,2026-06-29
NEW_LOW,LGO,Other,0.78,0.62,25.81,47.6,2.1,2026-06-29
NEW_LOW,LPSN,Other,1.93,1.8,7.22,38.8,0.8,2026-06-26
NEW_LOW,LTBR,Other,8.64,8.42,2.61,43.5,0.8,2026-06-26
NEW_LOW,MAT,Other,13.34,13.17,1.29,28.0,1.1,2026-07-02
NEW_LOW,MDXH,Other,0.48,0.4,20.0,37.2,1.0,2026-06-30
NEW_LOW,MERC,Other,0.78,0.64,21.88,40.4,3.2,2026-07-01
NEW_LOW,MGN,Other,0.13,0.12,8.33,45.1,0.0,2026-07-01
NEW_LOW,MIMI,Other,2.25,2.0,12.5,37.2,0.0,2026-06-30
NEW_LOW,MIND,Other,4.76,4.66,2.15,35.3,0.6,2026-06-30
NEW_LOW,MKZR,Other,1.78,1.62,9.88,23.4,1.0,2026-06-29
NEW_LOW,MRLN,Other,5.28,4.76,10.92,30.0,0.5,2026-06-29
NEW_LOW,MSS,Other,0.72,0.64,12.5,20.4,0.2,2026-06-26
NEW_LOW,MSTR,Other,100.77,81.81,23.18,39.2,1.2,2026-06-26
NEW_LOW,MTEK,Other,0.99,0.94,5.32,26.7,0.3,2026-07-01
NEW_LOW,MVIS,Other,0.38,0.26,46.15,52.4,0.7,2026-06-29
NEW_LOW,MVST,Other,1.12,1.07,4.67,49.2,0.8,2026-06-29
NEW_LOW,NAGE,Other,3.43,3.18,7.86,50.0,0.7,2026-06-30
NEW_LOW,NAKA,Other,3.86,3.78,2.12,35.5,1.4,2026-06-30
NEW_LOW,NCRA,Other,0.07,0.06,16.67,29.0,0.3,2026-07-02
NEW_LOW,NEGG,Other,14.91,14.54,2.54,19.7,1.1,2026-07-02
NEW_LOW,NEON,Other,0.93,0.72,29.17,29.1,0.3,2026-06-29
NEW_LOW,NEUP,Other,3.38,3.19,5.96,23.9,1.1,2026-07-01
NEW_LOW,NEXM,Other,2.42,2.2,10.0,43.2,0.5,2026-06-26
NEW_LOW,NFE,Other,0.36,0.32,12.5,26.5,0.6,2026-06-26
NEW_LOW,NHTC,Other,1.84,1.55,18.71,30.4,0.6,2026-06-26
NEW_LOW,NIVF,Other,0.46,0.43,6.98,41.3,0.1,2026-07-02
NEW_LOW,NMTC,Other,3.0,2.89,3.81,37.9,0.6,2026-06-30
NEW_LOW,NSPR,Other,0.7,0.63,11.11,45.8,1.2,2026-06-26
NEW_LOW,NTCL,Other,0.09,0.09,0.0,6.5,0.3,2026-07-02
NEW_LOW,NVX,Other,0.45,0.42,7.14,15.6,0.4,2026-06-29
NEW_LOW,NWTG,Other,0.82,0.8,2.5,27.5,0.9,2026-07-02
NEW_LOW,NXTC,Other,1.88,1.55,21.29,40.6,0.4,2026-06-26
NEW_LOW,OLED,Other,78.7,77.15,2.01,34.6,1.1,2026-07-02
NEW_LOW,OMH,Other,0.5,0.45,11.11,19.4,0.1,2026-06-30
NEW_LOW,ORBS,Other,0.71,0.68,4.41,35.2,0.5,2026-06-30
NEW_LOW,ORIO,Other,0.87,0.81,7.41,47.3,1.3,2026-07-01
NEW_LOW,OSRH,Other,0.32,0.3,6.67,24.1,1.7,2026-07-01
NEW_LOW,OYSER,Other,0.11,0.11,0.0,,0.0,2026-07-02
NEW_LOW,PATK,Other,85.03,82.35,3.25,48.7,2.4,2026-06-30
NEW_LOW,PAVS,Other,7.02,0.07,9928.57,92.0,0.0,2026-06-26
NEW_LOW,PAX,Other,11.1,10.56,5.11,38.9,0.8,2026-06-29
NEW_LOW,PFSA,Other,0.09,0.08,12.5,20.5,0.8,2026-07-02
NEW_LOW,PLCE,Other,2.9,2.76,5.07,27.5,1.0,2026-06-26
NEW_LOW,PLUR,Other,2.11,1.99,6.03,41.9,0.2,2026-06-26
NEW_LOW,PMAX,Other,1.82,1.66,9.64,45.8,0.1,2026-07-02
NEW_LOW,PRPL,Other,0.36,0.34,5.88,27.4,0.5,2026-06-30
NEW_LOW,PRSO,Other,0.82,0.76,7.89,31.6,0.8,2026-06-26
NEW_LOW,PRZO,Other,0.47,0.45,4.44,27.4,0.3,2026-06-26
NEW_LOW,PSHG,Other,1.64,1.61,1.86,39.0,1.4,2026-07-02
NEW_LOW,PSIG,Other,1.27,1.03,23.3,15.0,0.2,2026-06-29
NEW_LOW,PSNYW,Other,2.41,2.1,14.76,36.8,0.0,2026-06-30
NEW_LOW,RCON,Other,0.42,0.38,10.53,26.5,0.8,2026-06-30
NEW_LOW,RCT,Other,0.24,0.22,9.09,17.2,0.2,2026-07-02
NEW_LOW,REFR,Other,0.55,0.48,14.58,29.4,0.9,2026-06-26
NEW_LOW,REKR,Other,0.68,0.6,13.33,46.2,0.4,2026-06-26
NEW_LOW,RENT,Other,3.45,3.01,14.62,46.9,1.4,2026-06-30
NEW_LOW,RGC,Other,6.37,5.8,9.83,13.7,2.3,2026-06-30
NEW_LOW,RKDA,Other,0.73,0.63,15.87,20.6,0.0,2026-07-01
NEW_LOW,RMCF,Other,1.09,0.84,29.76,30.0,0.4,2026-06-29
NEW_LOW,RMTI,Other,5.54,0.55,907.27,96.6,0.3,2026-06-29
NEW_LOW,RPGL,Other,1.85,1.8,2.78,24.4,0.1,2026-07-02
NEW_LOW,RUBI,Other,5.1,4.75,7.37,18.5,0.0,2026-07-01
NEW_LOW,SAMG,Other,10.53,10.01,5.19,47.2,0.4,2026-07-01
NEW_LOW,SBET,Other,5.31,4.46,19.06,47.7,1.5,2026-06-26
NEW_LOW,SDST,Other,1.7,1.52,11.84,41.1,0.4,2026-07-01
NEW_LOW,SEER,Other,1.62,1.55,4.52,36.7,4.2,2026-07-02
NEW_LOW,SGLY,Other,0.31,0.3,3.33,31.4,0.3,2026-07-01
NEW_LOW,SHOE,Other,15.09,14.79,2.03,26.9,0.9,2026-06-30
NEW_LOW,SHPH,Other,3.58,2.9,23.45,42.3,0.1,2026-06-29
NEW_LOW,SIEB,Other,1.69,1.56,8.33,40.5,0.2,2026-06-29
NEW_LOW,SIGA,Other,3.86,3.56,8.43,29.7,0.9,2026-06-30
NEW_LOW,SINT,Other,1.9,1.8,5.56,30.9,0.5,2026-06-29
NEW_LOW,SKYX,Other,1.04,0.95,9.47,48.1,0.6,2026-06-26
NEW_LOW,SLSN,Other,0.68,0.68,0.0,23.4,0.3,2026-07-02
NEW_LOW,SMXT,Other,0.35,0.29,20.69,31.2,0.1,2026-06-26
NEW_LOW,SNT,Other,1.9,1.89,0.53,11.6,2.0,2026-07-02
NEW_LOW,SPWR,Other,0.63,0.58,8.62,22.5,0.5,2026-06-26
NEW_LOW,SSNC,Other,65.52,61.4,6.71,42.1,0.7,2026-06-30
NEW_LOW,STEP,Other,41.13,38.85,5.87,48.4,2.6,2026-06-29
NEW_LOW,SUIG,Other,1.24,1.07,15.89,41.1,1.0,2026-06-30
NEW_LOW,SURG,Other,0.57,0.34,67.65,64.4,14.0,2026-06-30
NEW_LOW,SWVL,Other,1.4,1.3,7.69,50.7,0.1,2026-06-30
NEW_LOW,TDIC,Other,4.82,4.82,0.0,33.7,0.0,2026-07-02
NEW_LOW,TDTH,Other,1.57,1.27,23.62,29.9,0.2,2026-06-30
NEW_LOW,TMS,Other,7.5,7.01,6.99,33.4,0.3,2026-06-30
NEW_LOW,TNON,Other,0.29,0.27,7.41,35.0,3.3,2026-07-02
NEW_LOW,TRNR,Other,4.2,0.44,854.55,85.1,0.0,2026-06-26
NEW_LOW,TRUG,Other,1.33,1.22,9.02,35.4,1.5,2026-06-26
NEW_LOW,TTEC,Other,2.15,1.91,12.57,41.4,0.7,2026-06-30
NEW_LOW,TVRD,Other,2.02,1.5,34.67,33.0,0.3,2026-06-26
NEW_LOW,UONE,Other,5.39,5.1,5.69,44.5,0.3,2026-06-26
NEW_LOW,UPLD,Other,4.9,4.0,22.5,21.1,0.9,2026-06-29
NEW_LOW,UZX,Other,0.27,0.19,42.11,24.5,1.1,2026-07-02
NEW_LOW,VEEA,Other,0.23,0.18,27.78,5.2,0.3,2026-06-29
NEW_LOW,VIVK,Other,0.33,0.31,6.45,12.4,0.1,2026-06-30
NEW_LOW,VIVS,Other,0.98,0.95,3.16,30.4,1.1,2026-07-02
NEW_LOW,VMAR,Other,1.44,1.41,2.13,24.8,0.6,2026-07-02
NEW_LOW,VRME,Other,0.62,0.59,5.08,34.0,0.7,2026-06-29
NEW_LOW,VRXA,Other,2.04,1.7,20.0,6.3,8.5,2026-07-01
NEW_LOW,VSEE,Other,0.11,0.1,10.0,18.9,0.3,2026-06-26
NEW_LOW,VSTD,Other,0.21,0.2,5.0,30.0,0.4,2026-06-26
NEW_LOW,VTGN,Other,0.25,0.2,25.0,33.3,1.0,2026-06-30
NEW_LOW,WIMI,Other,1.53,1.43,6.99,35.0,0.4,2026-06-26
NEW_LOW,WRAP,Other,1.41,1.04,35.58,58.0,0.8,2026-06-26
NEW_LOW,XCH,Other,0.57,0.54,5.56,48.3,2.4,2026-07-02
NEW_LOW,XELLL,Other,23.67,23.35,1.37,47.6,0.6,2026-06-26
NEW_LOW,XPON,Other,0.45,0.43,4.65,36.7,0.5,2026-06-29
NEW_LOW,XXII,Other,4.01,3.74,7.22,23.1,0.5,2026-06-29
NEW_LOW,YDDL,Other,2.09,1.95,7.18,12.9,0.9,2026-07-01
NEW_LOW,YDES,Other,1.9,1.7,11.76,25.3,4.0,2026-07-02
NEW_LOW,YHC,Other,0.05,0.04,25.0,25.0,2.4,2026-07-02
NEW_LOW,YOOV,Other,0.7,0.36,94.44,56.3,0.2,2026-06-30
NEW_LOW,YYGH,Other,1.25,1.11,12.61,20.8,0.1,2026-07-01
NEW_LOW,ZBAO,Other,0.44,0.4,10.0,24.4,0.4,2026-07-01
NEW_LOW,ZCMD,Other,1.11,0.3,270.0,62.0,0.1,2026-06-26
NEW_LOW,ZSTK,Other,3.35,3.0,11.67,24.5,1.8,2026-06-30
NEW_LOW,ZYBT,Other,0.65,0.62,4.84,22.4,0.1,2026-07-02
NEW_LOW,CCI,Real Estate,76.6,74.33,3.05,23.5,0.8,2026-07-01
NEW_LOW,CSGP,Real Estate,30.0,28.18,6.46,38.7,0.6,2026-06-30
NEW_LOW,CEG,Utilities,239.25,228.63,4.65,44.9,1.0,2026-07-01
